intersect_bp,f_orig_query,f_match,f_unique_to_query,f_unique_weighted,average_abund,median_abund,std_abund,filename,name,md5,f_match_orig,unique_intersect_bp,gather_result_rank,remaining_bp,query_filename,query_name,query_md5,query_bp,ksize,moltype,scaled,query_n_hashes,query_abundance,query_containment_ani,match_containment_ani,average_containment_ani,max_containment_ani,potential_false_negative,n_unique_weighted_found,sum_weighted_found,total_weighted_hashes
1740000,0.07366638441998306,0.8529411764705882,0.07366638441998306,0.09007981755986318,20.43103448275862,19.5,11.114522035574481,/opt/shared-2/sourmash-db/entire-2025-07-11.k51.rocksdb,GCA_000236455.2 Limosilactobacillus reuteri subsp. suis,a70c17b1eb3c35b96df5853a0676f269,0.8529411764705882,1740000,0,21880000,,SRR11125891_megahit.sig,7b0a912a,23620000,51,DNA,10000,2362,True,0.9501443609754204,0.996885943183555,0.9735151520794877,0.996885943183555,False,3555,3555,39465
1730000,0.07324301439458086,0.8084112149532711,0.07324301439458086,0.21700240719624983,49.50289017341041,49.0,11.560658959485549,/opt/shared-2/sourmash-db/entire-2025-07-11.k51.rocksdb,GCA_945918265.1 uncultured Anaeromassilibacillus sp.,53be0570068a5a855cc7abb2f5699083,0.8084112149532711,1730000,1,20150000,,SRR11125891_megahit.sig,7b0a912a,23620000,51,DNA,10000,2362,True,0.9500369876010105,0.9958384007986036,0.9729376941998071,0.9958384007986036,False,8564,12119,39465
1490000,0.06308213378492802,0.7760416666666666,0.06308213378492802,0.06354998099581909,16.83221476510067,16.0,4.943170578006784,/opt/shared-2/sourmash-db/entire-2025-07-11.k51.rocksdb,GCA_028725505.1 Christensenellaceae bacterium,cd0ae9eb112f4477dec05d4831f27a7f,0.7760416666666666,1490000,2,18660000,,SRR11125891_megahit.sig,7b0a912a,23620000,51,DNA,10000,2362,True,0.947259026637941,0.9950407873866262,0.9711499070122835,0.9950407873866262,False,2508,14627,39465
1370000,0.05800169348010161,0.8203592814371258,0.05800169348010161,0.044495122260230585,12.817518248175183,12.0,4.934932798338753,/opt/shared-2/sourmash-db/entire-2025-07-11.k51.rocksdb,GCF_037273345.1 Methanobrevibacter smithii,a9b307f4a29862126656dc4551163a84,0.8203592814371258,1370000,3,17290000,,SRR11125891_megahit.sig,7b0a912a,23620000,51,DNA,10000,2362,True,0.9457007614198141,0.9961249219484692,0.9709128416841417,0.9961249219484692,False,1756,16383,39465
1320000,0.0558848433530906,0.6502463054187192,0.0558848433530906,0.07984289877106297,23.87121212121212,22.0,10.396244443584527,/opt/shared-2/sourmash-db/entire-2025-07-11.k51.rocksdb,GCF_009695905.1 Mogibacterium kristiansenii,ea1ed11570f58bda50bf859a86675e88,0.6502463054187192,1320000,4,15970000,,SRR11125891_megahit.sig,7b0a912a,23620000,51,DNA,10000,2362,True,0.9450115967356969,0.9915962156614964,0.9683039061985966,0.9915962156614964,False,3151,19534,39465
1280000,0.05419136325148179,0.7398843930635838,0.05419136325148179,0.025896363866717346,7.984375,7.0,3.4026285220950876,/opt/shared-2/sourmash-db/entire-2025-07-11.k51.rocksdb,GCA_022775805.1 Clostridiales bacterium,644ed1c7484e1e78a0ab4ad2bc8f5b26,0.7398843930635838,1280000,5,14690000,,SRR11125891_megahit.sig,7b0a912a,23620000,51,DNA,10000,2362,True,0.9444415809858165,0.9941103276101668,0.9692759542979916,0.9941103276101668,False,1022,20556,39465
1180000,0.04995766299745978,0.47580645161290325,0.04995766299745978,0.02675788673508172,8.94915254237288,8.0,3.5531019096165326,/opt/shared-2/sourmash-db/entire-2025-07-11.k51.rocksdb,GCA_945918835.1 uncultured Clostridia bacterium,c218908f9bec139df00c3e97a0571ac2,0.47580645161290325,1180000,6,13510000,,SRR11125891_megahit.sig,7b0a912a,23620000,51,DNA,10000,2362,True,0.9429363855443507,0.9855419261904533,0.9642391558674019,0.9855419261904533,False,1056,21612,39465
880000,0.03725656223539373,0.5827814569536424,0.03725656223539373,0.030660078550614468,13.75,13.0,5.51907848039211,/opt/shared-2/sourmash-db/entire-2025-07-11.k51.rocksdb,GCA_945615505.1 uncultured Clostridia bacterium,077d6d8ca3dada5ca3d8612e16c09b9c,0.5827814569536424,880000,7,12630000,,SRR11125891_megahit.sig,7b0a912a,23620000,51,DNA,10000,2362,True,0.937528261377016,0.9894687281921729,0.9634984947845944,0.9894687281921729,False,1210,22822,39465
600000,0.02540220152413209,0.2553191489361702,0.02540220152413209,0.008311161788926897,5.466666666666667,5.0,2.9238483012784515,/opt/shared-2/sourmash-db/entire-2025-07-11.k51.rocksdb,GCF_012843815.1 Enterococcus cecorum,0a0936b3c0f0cd8f0b78da2b41f8a94c,0.2553191489361702,600000,8,12030000,,SRR11125891_megahit.sig,7b0a912a,23620000,51,DNA,10000,2362,True,0.9305141202321932,0.973585694882464,0.9520499075573285,0.973585694882464,False,328,23150,39465
580000,0.024555461473327687,0.15591397849462366,0.024555461473327687,0.014899277841125047,10.137931034482758,5.0,21.274436882909473,/opt/shared-2/sourmash-db/entire-2025-07-11.k51.rocksdb,GCA_004556565.1 Lachnospiraceae bacterium,f8013158fbcc3390336623ebd6dd3610,0.15591397849462366,580000,9,11450000,,SRR11125891_megahit.sig,7b0a912a,23620000,51,DNA,10000,2362,True,0.929895779251577,0.9642157401038868,0.9470557596777318,0.9642157401038868,False,588,23738,39465
340000,0.014394580863674851,0.1452991452991453,0.014394580863674851,0.0044343088812872165,5.147058823529412,5.0,2.263941811520684,/opt/shared-2/sourmash-db/entire-2025-07-11.k51.rocksdb,GCA_945871765.1 uncultured Ruminococcus sp.,49fc735c875192e136f406ad38553775,0.1452991452991453,340000,10,11110000,,SRR11125891_megahit.sig,7b0a912a,23620000,51,DNA,10000,2362,True,0.9202085314150747,0.9628835904506887,0.9415460609328817,0.9628835904506887,False,175,23913,39465
280000,0.011854360711261643,0.14814814814814814,0.011854360711261643,0.0033954136576713543,4.785714285714286,5.0,1.7393993802694174,/opt/shared-2/sourmash-db/entire-2025-07-11.k51.rocksdb,GCA_034091185.1 Oscillospiraceae bacterium,8cd0db2132a961fcbf0cbe5d05dd775b,0.14814814814814814,280000,11,10830000,,SRR11125891_megahit.sig,7b0a912a,23620000,51,DNA,10000,2362,True,0.9167119752026793,0.96325027508129,0.9399811251419847,0.96325027508129,False,134,24047,39465
270000,0.01143099068585944,0.10266159695817491,0.01143099068585944,0.0034207525655644243,5.0,5.0,2.4037008503093262,/opt/shared-2/sourmash-db/entire-2025-07-11.k51.rocksdb,GCA_034113125.1 Candidatus Limivicinus sp.,be6f929e4e8764c4c47fa838786a7450,0.10266159695817491,270000,12,10560000,,SRR11125891_megahit.sig,7b0a912a,23620000,51,DNA,10000,2362,True,0.9160585091046819,0.9563477566165256,0.9362031328606037,0.9563477566165256,False,135,24182,39465
840000,0.03556308213378493,0.13529411764705881,0.009737510584250635,0.008995312302039782,15.434782608695652,16.0,6.45941232322544,/opt/shared-2/sourmash-db/entire-2025-07-11.k51.rocksdb,GCA_004556205.1 Clostridiales bacterium,3153abec43b96c298fa7583e28d44d71,0.49411764705882355,230000,13,10330000,,SRR11125891_megahit.sig,7b0a912a,23620000,51,DNA,10000,2362,True,0.9366734781595558,0.9862719319244254,0.9614727050419907,0.9862719319244254,False,355,24537,39465
210000,0.008890770533446233,0.11351351351351352,0.008890770533446233,0.0021791460788040035,4.095238095238095,4.0,1.6302135970117797,/opt/shared-2/sourmash-db/entire-2025-07-11.k51.rocksdb,GCA_022778425.1 Clostridium sp.,b0ff4a1f485f81d6431df66e48730654,0.11351351351351352,210000,14,10120000,,SRR11125891_megahit.sig,7b0a912a,23620000,51,DNA,10000,2362,True,0.9115555204230694,0.9582338775500733,0.9348946989865714,0.9582338775500733,False,86,24623,39465
200000,0.00846740050804403,0.04048582995951417,0.00846740050804403,0.0052198150259723805,10.3,6.0,10.47902667235846,/opt/shared-2/sourmash-db/entire-2025-07-11.k51.rocksdb,GCF_004171825.1 Escherichia coli,80676b53b3015ab9c675c5f108b4f428,0.04048582995951417,200000,15,9920000,,SRR11125891_megahit.sig,7b0a912a,23620000,51,DNA,10000,2362,True,0.9106838797102487,0.9390575669723674,0.924870723341308,0.9390575669723674,False,206,24829,39465
1000000,0.04233700254022015,0.10204081632653061,0.00846740050804403,0.004890409223362473,9.65,8.0,5.47060325741138,/opt/shared-2/sourmash-db/entire-2025-07-11.k51.rocksdb,GCA_946011805.1 uncultured Clostridia bacterium,b97237948d70ec2928a1affeefe4a6e4,0.5102040816326531,200000,16,9720000,,SRR11125891_megahit.sig,7b0a912a,23620000,51,DNA,10000,2362,True,0.9398811579468637,0.9868916825728655,0.9633864202598645,0.9868916825728655,False,193,25022,39465
1150000,0.04868755292125317,0.09947643979057591,0.008044030482641828,0.006486760420625871,13.473684210526315,13.0,5.62296439005761,/opt/shared-2/sourmash-db/entire-2025-07-11.k51.rocksdb,GCA_004556865.1 Clostridiales bacterium,eac57014d5b0d69d81668475b9358bc4,0.6020942408376964,190000,17,9530000,,SRR11125891_megahit.sig,7b0a912a,23620000,51,DNA,10000,2362,True,0.9424603691566519,0.9901014477573828,0.9662809084570174,0.9901014477573828,False,256,25278,39465
180000,0.007620660457239628,0.09230769230769231,0.007620660457239628,0.002229823894590143,4.888888888888889,5.0,1.8823415940108241,/opt/shared-2/sourmash-db/entire-2025-07-11.k51.rocksdb,GCA_934597575.1 uncultured Oscillospiraceae bacterium,a61a8e069767b5355c167dcbcd4e270d,0.09230769230769231,180000,18,9350000,,SRR11125891_megahit.sig,7b0a912a,23620000,51,DNA,10000,2362,True,0.9088044467677932,0.9543563047778575,0.9315803757728254,0.9543563047778575,False,88,25366,39465
1240000,0.05249788314987299,0.08791208791208792,0.006773920406435224,0.008336500696819966,20.5625,21.5,5.171662571166066,/opt/shared-2/sourmash-db/entire-2025-07-11.k51.rocksdb,GCF_937976225.1 uncultured Mogibacterium sp.,b031d4f8609c2caf58fb0f66d2f98fa1,0.6813186813186813,160000,19,9190000,,SRR11125891_megahit.sig,7b0a912a,23620000,51,DNA,10000,2362,True,0.9438538268750628,0.9925042126068557,0.9681790197409592,0.9925042126068557,False,329,25695,39465
160000,0.006773920406435224,0.0449438202247191,0.006773920406435224,0.005549220828582288,13.6875,7.0,15.040440277797721,/opt/shared-2/sourmash-db/entire-2025-07-11.k51.rocksdb,GCF_003471185.1 Coprococcus comes,3fbd756b2e859cf6aa1e23bebab3167f,0.0449438202247191,160000,20,9030000,,SRR11125891_megahit.sig,7b0a912a,23620000,51,DNA,10000,2362,True,0.9067080107533361,0.9409829717557522,0.9238454912545442,0.9409829717557522,False,219,25914,39465
1240000,0.05249788314987299,0.09036144578313253,0.006350550381033023,0.003294058026099075,8.666666666666666,8.0,4.346134936801766,/opt/shared-2/sourmash-db/entire-2025-07-11.k51.rocksdb,GCA_034182505.1 Lentihominibacter sp.,a1f4e6ee5d9bad24d73ab65cb5d43d7d,0.7469879518072289,150000,21,8880000,,SRR11125891_megahit.sig,7b0a912a,23620000,51,DNA,10000,2362,True,0.9438538268750628,0.9942965966543731,0.9690752117647179,0.9942965966543731,False,130,26044,39465
1260000,0.05334462320067739,0.07936507936507936,0.006350550381033023,0.020600532117065754,54.2,51.0,9.115554472073178,/opt/shared-2/sourmash-db/entire-2025-07-11.k51.rocksdb,GCA_958448175.1 uncultured Anaeromassilibacillus sp.,e4b10777a03353aa6267db69c11db123,0.6666666666666666,150000,22,8730000,,SRR11125891_megahit.sig,7b0a912a,23620000,51,DNA,10000,2362,True,0.944149990652475,0.9920812237812423,0.9681156072168586,0.9920812237812423,False,813,26857,39465
570000,0.024132091447925486,0.038356164383561646,0.0059271803556308214,0.0015710122893703281,4.428571428571429,4.0,1.3997084244475304,/opt/shared-2/sourmash-db/entire-2025-07-11.k51.rocksdb,GCA_022782435.1 Lachnospiraceae bacterium,03ed41398d0b06cb38dbb431edff3317,0.15616438356164383,140000,23,8590000,,SRR11125891_megahit.sig,7b0a912a,23620000,51,DNA,10000,2362,True,0.9295787253118785,0.964246080442054,0.9469124028769662,0.964246080442054,False,62,26919,39465
760000,0.03217612193056731,0.06511627906976744,0.0059271803556308214,0.006233371341695173,17.571428571428573,19.5,6.726432781139174,/opt/shared-2/sourmash-db/entire-2025-07-11.k51.rocksdb,GCF_025189725.1 Limosilactobacillus reuteri,33608d2542c9dabd4e2915deddf6af0a,0.35348837209302325,140000,24,8450000,,SRR11125891_megahit.sig,7b0a912a,23620000,51,DNA,10000,2362,True,0.9348371331145469,0.9798161881745305,0.9573266606445388,0.9798161881745305,False,246,27165,39465
140000,0.0059271803556308214,0.03278688524590164,0.0059271803556308214,0.004484986697073356,12.642857142857142,7.5,13.782012826543895,/opt/shared-2/sourmash-db/entire-2025-07-11.k51.rocksdb,GCA_000238635.1 Subdoligranulum sp. 4_3_54A2FAA,3d5f57f79357f73a3a57c37d59160b75,0.03278688524590164,140000,25,8310000,,SRR11125891_megahit.sig,7b0a912a,23620000,51,DNA,10000,2362,True,0.904337116245866,0.9351818761174336,0.9197594961816498,0.9351818761174336,False,177,27342,39465
1320000,0.0558848433530906,0.06790123456790123,0.0046570702794242165,0.003015330039275307,10.818181818181818,10.0,4.8956043701222764,/opt/shared-2/sourmash-db/entire-2025-07-11.k51.rocksdb,GCA_023425195.1 Euryarchaeota archaeon,82f9c877fb8945b90dd8b4b3d87f571b,0.8148148148148148,110000,26,8200000,,SRR11125891_megahit.sig,7b0a912a,23620000,51,DNA,10000,2362,True,0.9450115967356969,0.9959924749287008,0.9705020358321989,0.9959924749287008,False,119,27461,39465
530000,0.02243861134631668,0.04782608695652174,0.0046570702794242165,0.0028886354998099583,10.363636363636363,6.0,15.575462796408782,/opt/shared-2/sourmash-db/entire-2025-07-11.k51.rocksdb,GCF_031929785.1 Enterococcus cecorum,e4eca9fce928bc310f8070213dc69765,0.23043478260869565,110000,27,8090000,,SRR11125891_megahit.sig,7b0a912a,23620000,51,DNA,10000,2362,True,0.928253483655385,0.9716300587053517,0.9499417711803684,0.9716300587053517,False,114,27575,39465
970000,0.04106689246401355,0.055,0.0046570702794242165,0.004282275433928798,15.363636363636363,16.0,3.4712514712794147,/opt/shared-2/sourmash-db/entire-2025-07-11.k51.rocksdb,GCA_037317975.1 bacterium,7bc6b0dd42901a31ce5e37895b61703d,0.485,110000,28,7980000,,SRR11125891_megahit.sig,7b0a912a,23620000,51,DNA,10000,2362,True,0.9393199915153384,0.9859118198792969,0.9626159056973176,0.9859118198792969,False,169,27744,39465
730000,0.03090601185436071,0.05649717514124294,0.004233700254022015,0.0018750791840871658,7.4,7.0,3.1685959035509716,/opt/shared-2/sourmash-db/entire-2025-07-11.k51.rocksdb,GCA_945877515.1 uncultured Clostridia bacterium,43cb2338dcfa7efdacd570bbe5c828a3,0.4124293785310734,100000,29,7880000,,SRR11125891_megahit.sig,7b0a912a,23620000,51,DNA,10000,2362,True,0.934099198316549,0.9827834517850114,0.9584413250507802,0.9827834517850114,False,74,27818,39465
1630000,0.06900931414055884,0.04291845493562232,0.004233700254022015,0.004637020144431775,18.3,18.5,7.707788269017255,/opt/shared-2/sourmash-db/entire-2025-07-11.k51.rocksdb,GCF_012843635.1 Limosilactobacillus reuteri,5a2c091af7b52470f745ea457fae1733,0.6995708154506438,100000,30,7780000,,SRR11125891_megahit.sig,7b0a912a,23620000,51,DNA,10000,2362,True,0.9489284872274828,0.9930188303601675,0.9709736587938251,0.9930188303601675,False,183,28001,39465
1060000,0.04487722269263336,0.05202312138728324,0.003810330228619814,0.0017230457367287469,7.555555555555555,7.0,3.2697642154582582,/opt/shared-2/sourmash-db/entire-2025-07-11.k51.rocksdb,GCA_030526105.1 Bacillota bacterium,51e897de388bc5c1ec34e006a0d0d5bb,0.6127167630057804,90000,31,7690000,,SRR11125891_megahit.sig,7b0a912a,23620000,51,DNA,10000,2362,True,0.9409556117999108,0.9904410292234711,0.9656983205116909,0.9904410292234711,False,68,28069,39465
80000,0.003386960203217612,0.04395604395604396,0.003386960203217612,0.0009628784999366528,4.75,5.5,2.0463381929681126,/opt/shared-2/sourmash-db/entire-2025-07-11.k51.rocksdb,GCF_022772665.1 Eubacterium coprostanoligenes,66c3e8ffbecfbc30392216fcd1363d59,0.04395604395604396,80000,32,7610000,,SRR11125891_megahit.sig,7b0a912a,23620000,51,DNA,10000,2362,True,0.8944681971023749,0.940573029836832,0.9175206134696035,0.940573029836832,False,38,28107,39465
80000,0.003386960203217612,0.022364217252396165,0.0029635901778154107,0.003344735841885215,18.857142857142858,10.0,21.162153356732805,/opt/shared-2/sourmash-db/entire-2025-07-11.k51.rocksdb,GCA_004555915.1 Clostridiales bacterium,c486d02da53206f42fb584a78865fb6b,0.025559105431309903,70000,33,7540000,,SRR11125891_megahit.sig,7b0a912a,23620000,51,DNA,10000,2362,True,0.8944681971023749,0.9306264781233852,0.9125473376128801,0.9306264781233852,False,132,28239,39465
1460000,0.06181202370872142,0.034482758620689655,0.0029635901778154107,0.009527429367794249,53.714285714285715,56.0,14.810365923079354,/opt/shared-2/sourmash-db/entire-2025-07-11.k51.rocksdb,GCA_945829595.1 uncultured Anaeromassilibacillus sp.,ca9d6b361542ef132e818f667a0293c2,0.7192118226600985,70000,34,7470000,,SRR11125891_megahit.sig,7b0a912a,23620000,51,DNA,10000,2362,True,0.9468813186378131,0.993558106043458,0.9702197123406355,0.993558106043458,False,376,28615,39465
340000,0.014394580863674851,0.03286384976525822,0.0029635901778154107,0.0006841505131128849,3.857142857142857,4.0,2.231499907401901,/opt/shared-2/sourmash-db/entire-2025-07-11.k51.rocksdb,GCA_945948805.1 uncultured Ruminococcus sp.,94c55ce9f603ab662d67b74f4288ef1a,0.1596244131455399,70000,35,7400000,,SRR11125891_megahit.sig,7b0a912a,23620000,51,DNA,10000,2362,True,0.9202085314150747,0.9646605011859435,0.9424345163005091,0.9646605011859435,False,27,28642,39465
1110000,0.04699407281964437,0.04895104895104895,0.0029635901778154107,0.005143798302293171,29.0,29.0,5.631543812693436,/opt/shared-2/sourmash-db/entire-2025-07-11.k51.rocksdb,GCA_002299625.1 Clostridiales bacterium UBA643,2f85ed4e8eb0b6eb37d91457017e8e65,0.7762237762237763,70000,36,7330000,,SRR11125891_megahit.sig,7b0a912a,23620000,51,DNA,10000,2362,True,0.9418063821821735,0.9950453653093003,0.968425873745737,0.9950453653093003,False,203,28845,39465
70000,0.0029635901778154107,0.022813688212927757,0.002540220152413209,0.004890409223362473,32.166666666666664,18.0,27.229987554573402,/opt/shared-2/sourmash-db/entire-2025-07-11.k51.rocksdb,GCF_014385095.1 Zongyangia hominis,4a46b3cc2800fee5950ec205e4d00b2a,0.026615969581749048,60000,37,7270000,,SRR11125891_megahit.sig,7b0a912a,23620000,51,DNA,10000,2362,True,0.892129307724024,0.9313661229866129,0.9117477153553184,0.9313661229866129,False,193,29038,39465
200000,0.00846740050804403,0.02843601895734597,0.002540220152413209,0.0006841505131128849,4.5,5.0,1.6072751268321592,/opt/shared-2/sourmash-db/entire-2025-07-11.k51.rocksdb,GCA_946061515.1 uncultured Clostridia bacterium,8681f948c28dca8e56f0df6bf797545a,0.0947867298578199,60000,38,7210000,,SRR11125891_megahit.sig,7b0a912a,23620000,51,DNA,10000,2362,True,0.9106838797102487,0.9548523609915089,0.9327681203508789,0.9548523609915089,False,27,29065,39465
90000,0.003810330228619814,0.01485148514851485,0.002540220152413209,0.0010388952236158621,6.833333333333333,6.0,3.531603350069515,/opt/shared-2/sourmash-db/entire-2025-07-11.k51.rocksdb,GCA_945911275.1 uncultured bacterium,98fb24ca66e68e111611bf363a367ff3,0.022277227722772276,60000,39,7150000,,SRR11125891_megahit.sig,7b0a912a,23620000,51,DNA,10000,2362,True,0.8965363329520117,0.928122113825454,0.9123292233887328,0.928122113825454,False,41,29106,39465
190000,0.008044030482641828,0.024489795918367346,0.002540220152413209,0.0015456733814772584,10.166666666666666,5.5,12.102570893088057,/opt/shared-2/sourmash-db/entire-2025-07-11.k51.rocksdb,GCA_958445475.1 uncultured Oscillospiraceae bacterium,8fcb866b7a03266ea91430099d174029,0.07755102040816327,60000,40,7090000,,SRR11125891_megahit.sig,7b0a912a,23620000,51,DNA,10000,2362,True,0.9097684190454702,0.951102243718513,0.9304353313819916,0.951102243718513,False,61,29167,39465
80000,0.003386960203217612,0.0335195530726257,0.002540220152413209,0.0028379576840238184,18.666666666666668,12.0,16.937794687883333,/opt/shared-2/sourmash-db/entire-2025-07-11.k51.rocksdb,GCA_945917815.1 uncultured Clostridia bacterium,6d705976fa16473172bcc3816534e4af,0.0446927374301676,60000,41,7030000,,SRR11125891_megahit.sig,7b0a912a,23620000,51,DNA,10000,2362,True,0.8944681971023749,0.9408796121960249,0.9176739046492,0.9408796121960249,False,112,29279,39465
1180000,0.04995766299745978,0.03773584905660377,0.002540220152413209,0.002508551881413911,16.5,14.5,9.17877987534291,/opt/shared-2/sourmash-db/entire-2025-07-11.k51.rocksdb,GCA_028721625.1 Bacillota bacterium,4c145f6248bad9d31d4dc9f00409c45a,0.7421383647798742,60000,42,6970000,,SRR11125891_megahit.sig,7b0a912a,23620000,51,DNA,10000,2362,True,0.9429363855443507,0.9941696203174601,0.9685530029309054,0.9941696203174601,False,99,29378,39465
110000,0.0046570702794242165,0.01125703564727955,0.002540220152413209,0.004383631065501077,28.833333333333332,14.5,29.51506206818629,/opt/shared-2/sourmash-db/entire-2025-07-11.k51.rocksdb,GCF_004172795.1 Escherichia coli,41de5e8065519a6e7769dd1f1526d228,0.020637898686679174,60000,43,6910000,,SRR11125891_megahit.sig,7b0a912a,23620000,51,DNA,10000,2362,True,0.9000709011677388,0.9267321399396572,0.913401520553698,0.9267321399396572,False,173,29551,39465
540000,0.02286198137171888,0.024875621890547265,0.0021168501270110076,0.0012922843025465602,10.2,11.0,1.1661903789690602,/opt/shared-2/sourmash-db/entire-2025-07-11.k51.rocksdb,GCA_945867525.1 uncultured Clostridia bacterium,b0895bca7825021f03205ae838db2b97,0.26865671641791045,50000,44,6860000,,SRR11125891_megahit.sig,7b0a912a,23620000,51,DNA,10000,2362,True,0.9285937624330183,0.9745582405404669,0.9515760014867426,0.9745582405404669,False,51,29602,39465
70000,0.0029635901778154107,0.016339869281045753,0.0021168501270110076,0.0009628784999366528,7.6,7.0,1.7435595774162693,/opt/shared-2/sourmash-db/entire-2025-07-11.k51.rocksdb,GCF_040887725.1 Enterococcus sp. C36,721305a553dd89aa9e090f4b303f3ee2,0.02287581699346405,50000,45,6810000,,SRR11125891_megahit.sig,7b0a912a,23620000,51,DNA,10000,2362,True,0.892129307724024,0.928604778120225,0.9103670429221244,0.928604778120225,False,38,29640,39465
50000,0.0021168501270110076,0.011848341232227487,0.0021168501270110076,0.0007094894210059546,5.6,5.0,1.7435595774162693,/opt/shared-2/sourmash-db/entire-2025-07-11.k51.rocksdb,GCA_036807025.1 Parabacteroides distasonis,c628129cb9fbd8eb2f74d36b1dc603d6,0.011848341232227487,50000,46,6760000,,SRR11125891_megahit.sig,7b0a912a,23620000,51,DNA,10000,2362,True,0.8862628624238331,0.9167028456053752,0.9014828540146042,0.9167028456053752,True,28,29668,39465
1220000,0.05165114309906858,0.0196078431372549,0.001693480101608806,0.00131762321043963,13.0,13.5,5.873670062235365,/opt/shared-2/sourmash-db/entire-2025-07-11.k51.rocksdb,GCA_022779225.1 Christensenellaceae bacterium,bf5f5930af4dd88166c31e4535380712,0.5980392156862745,40000,47,6720000,,SRR11125891_megahit.sig,7b0a912a,23620000,51,DNA,10000,2362,True,0.9435529423955992,0.9899702651058395,0.9667616037507194,0.9899702651058395,False,52,29720,39465
50000,0.0021168501270110076,0.011764705882352941,0.001693480101608806,0.0007348283288990244,7.25,7.0,3.2691742076555053,/opt/shared-2/sourmash-db/entire-2025-07-11.k51.rocksdb,GCA_027689515.1 Oscillospiraceae bacterium TM11-13A,bd1120db33b08230061e3512ddc94b25,0.014705882352941176,40000,48,6680000,,SRR11125891_megahit.sig,7b0a912a,23620000,51,DNA,10000,2362,True,0.8862628624238331,0.9205946627444187,0.903428762584126,0.9205946627444187,True,29,29749,39465
590000,0.02497883149872989,0.016,0.001693480101608806,0.008513873052071456,84.0,58.0,45.612498287201944,/opt/shared-2/sourmash-db/entire-2025-07-11.k51.rocksdb,GCF_002160515.1 Anaeromassilibacillus sp. An172,cf3aee643f09ef51a130278096331489,0.236,40000,49,6640000,,SRR11125891_megahit.sig,7b0a912a,23620000,51,DNA,10000,2362,True,0.9302075185806801,0.9720848102547519,0.9511461644177159,0.9720848102547519,False,336,30085,39465
70000,0.0029635901778154107,0.018018018018018018,0.001693480101608806,0.0010895730394020018,10.75,11.0,1.7853571071357126,/opt/shared-2/sourmash-db/entire-2025-07-11.k51.rocksdb,GCA_034115305.1 Lactobacillus amylovorus,baa13b94f777d648cc634fce13e6f3ef,0.03153153153153153,40000,50,6600000,,SRR11125891_megahit.sig,7b0a912a,23620000,51,DNA,10000,2362,True,0.892129307724024,0.9344662674235421,0.9132977875737831,0.9344662674235421,False,43,30128,39465
140000,0.0059271803556308214,0.006802721088435374,0.001693480101608806,0.002001773723552515,19.75,11.5,19.587942719948924,/opt/shared-2/sourmash-db/entire-2025-07-11.k51.rocksdb,GCF_000371505.1 [Clostridium] clostridioforme 90A8,8424dd787611eb8702791b8552c2a441,0.023809523809523808,40000,51,6560000,,SRR11125891_megahit.sig,7b0a912a,23620000,51,DNA,10000,2362,True,0.904337116245866,0.9293334784911674,0.9168352973685168,0.9293334784911674,False,79,30207,39465
40000,0.001693480101608806,0.017467248908296942,0.001693480101608806,0.001190928670974281,11.75,11.5,2.165063509461097,/opt/shared-2/sourmash-db/entire-2025-07-11.k51.rocksdb,GCA_937958775.1 uncultured Clostridia bacterium,ead2dfa1f5cea75e1530a02c8ce3b918,0.017467248908296942,40000,52,6520000,,SRR11125891_megahit.sig,7b0a912a,23620000,51,DNA,10000,2362,True,0.8823936108856413,0.9237061048101245,0.9030498578478829,0.9237061048101245,True,47,30254,39465
690000,0.029212531752751906,0.019801980198019802,0.001693480101608806,0.0023565184340554922,23.25,22.5,3.766629793329841,/opt/shared-2/sourmash-db/entire-2025-07-11.k51.rocksdb,GCA_034087145.1 Limosilactobacillus reuteri,e4f52c7b9607641587371295eaa43ffc,0.3415841584158416,40000,53,6480000,,SRR11125891_megahit.sig,7b0a912a,23620000,51,DNA,10000,2362,True,0.9330676265233628,0.9791582703731799,0.9561129484482713,0.9791582703731799,False,93,30347,39465
90000,0.003810330228619814,0.010238907849829351,0.0012701100762066045,0.0015710122893703281,20.666666666666668,12.0,15.923427883328248,/opt/shared-2/sourmash-db/entire-2025-07-11.k51.rocksdb,GCF_040096185.1 Faecousia intestinalis,64dea8a993146c4ab2a09ae83517c232,0.030716723549488054,30000,54,6450000,,SRR11125891_megahit.sig,7b0a912a,23620000,51,DNA,10000,2362,True,0.8965363329520117,0.9339866832096902,0.915261508080851,0.9339866832096902,False,62,30409,39465
50000,0.0021168501270110076,0.008356545961002786,0.0012701100762066045,0.000532117065754466,7.0,4.0,4.96655480858378,/opt/shared-2/sourmash-db/entire-2025-07-11.k51.rocksdb,GCF_025567385.1 Dorea acetigenes,82d7982a92a76b535c5f9adb19e22968,0.013927576601671309,30000,55,6420000,,SRR11125891_megahit.sig,7b0a912a,23620000,51,DNA,10000,2362,True,0.8862628624238331,0.9196136374931398,0.9029382499584865,0.9196136374931398,True,21,30430,39465
30000,0.0012701100762066045,0.004366812227074236,0.0012701100762066045,0.0016977068288356772,22.333333333333332,16.0,19.70335560817553,/opt/shared-2/sourmash-db/entire-2025-07-11.k51.rocksdb,GCF_009101945.1 Bacteroides xylanisolvens,c44df2fd7ad7047664dcecddd2c26fd0,0.004366812227074236,30000,56,6390000,,SRR11125891_megahit.sig,7b0a912a,23620000,51,DNA,10000,2362,True,0.8774301950304677,0.8989358818428389,0.8881830384366534,0.8989358818428389,True,67,30497,39465
60000,0.002540220152413209,0.007228915662650603,0.0012701100762066045,0.0005574559736475357,7.333333333333333,8.0,2.494438257849294,/opt/shared-2/sourmash-db/entire-2025-07-11.k51.rocksdb,GCA_004563615.1 bacterium,13d1bcabddb63f6aeafb9fa622020833,0.014457831325301205,30000,57,6360000,,SRR11125891_megahit.sig,7b0a912a,23620000,51,DNA,10000,2362,True,0.8894368623593791,0.9202876442614767,0.9048622533104279,0.9202876442614767,True,22,30519,39465
320000,0.013547840812870448,0.013157894736842105,0.0012701100762066045,0.0004814392499683264,6.333333333333333,7.0,2.494438257849294,/opt/shared-2/sourmash-db/entire-2025-07-11.k51.rocksdb,GCF_947055055.1 Enterococcus cecorum,8378727037985051834718df5ea4d9cf,0.14035087719298245,30000,58,6330000,,SRR11125891_megahit.sig,7b0a912a,23620000,51,DNA,10000,2362,True,0.9191153127942652,0.9622296345070465,0.9406724736506558,0.9622296345070465,False,19,30538,39465
430000,0.018204911092294666,0.015544041450777202,0.0012701100762066045,0.0027366020524515395,36.0,38.0,10.708252269472673,/opt/shared-2/sourmash-db/entire-2025-07-11.k51.rocksdb,GCA_934246525.1 uncultured Clostridia bacterium,4c0f2869f28749ed7a7555f4debf161d,0.22279792746113988,30000,59,6300000,,SRR11125891_megahit.sig,7b0a912a,23620000,51,DNA,10000,2362,True,0.924455584367917,0.9709881818980282,0.9477218831329726,0.9709881818980282,False,108,30646,39465
50000,0.0021168501270110076,0.00847457627118644,0.0012701100762066045,0.0020524515393386543,27.0,26.0,14.30617582258329,/opt/shared-2/sourmash-db/entire-2025-07-11.k51.rocksdb,GCA_021640625.1 Bacteroidales bacterium,ea63fb0396245b1ca04a1f301d01dade,0.014124293785310734,30000,60,6270000,,SRR11125891_megahit.sig,7b0a912a,23620000,51,DNA,10000,2362,True,0.8862628624238331,0.9198665745933077,0.9030647185085704,0.9198665745933077,True,81,30727,39465
30000,0.0012701100762066045,0.017543859649122806,0.0012701100762066045,0.0006334726973267452,8.333333333333334,8.0,5.312459150169743,/opt/shared-2/sourmash-db/entire-2025-07-11.k51.rocksdb,GCA_034100825.1 Eggerthellaceae bacterium,040618424c8c2409f1b739e1c4e767cf,0.017543859649122806,30000,61,6240000,,SRR11125891_megahit.sig,7b0a912a,23620000,51,DNA,10000,2362,True,0.8774301950304677,0.9237853726019886,0.9006077838162281,0.9237853726019886,True,25,30752,39465
30000,0.0012701100762066045,0.005607476635514018,0.0012701100762066045,0.0007601672367920942,10.0,9.0,2.160246899469287,/opt/shared-2/sourmash-db/entire-2025-07-11.k51.rocksdb,GCF_027686385.1 Parabacteroides distasonis,8f6fa4e654eadbe740b059182c2f3be7,0.005607476635514018,30000,62,6210000,,SRR11125891_megahit.sig,7b0a912a,23620000,51,DNA,10000,2362,True,0.8774301950304677,0.9033544447346135,0.8903923198825405,0.9033544447346135,True,30,30782,39465
50000,0.0021168501270110076,0.010135135135135136,0.0012701100762066045,0.003268719118206005,43.0,59.0,26.242459234352765,/opt/shared-2/sourmash-db/entire-2025-07-11.k51.rocksdb,GCA_938022155.1 uncultured Clostridia bacterium,840b576d090bcb1ff4aff3f82c40faa7,0.016891891891891893,30000,63,6180000,,SRR11125891_megahit.sig,7b0a912a,23620000,51,DNA,10000,2362,True,0.8862628624238331,0.9230996663337574,0.9046812643787953,0.9230996663337574,True,129,30911,39465
900000,0.03810330228619814,0.015228426395939087,0.0012701100762066045,0.0007601672367920942,10.0,9.0,2.943920288775949,/opt/shared-2/sourmash-db/entire-2025-07-11.k51.rocksdb,GCA_021641595.1 Christensenellaceae bacterium,7e27dd8a05d97e39103a717685daeec3,0.45685279187817257,30000,64,6150000,,SRR11125891_megahit.sig,7b0a912a,23620000,51,DNA,10000,2362,True,0.9379414688301521,0.9847567054999177,0.9613490871650349,0.9847567054999177,False,30,30941,39465
1030000,0.04360711261642676,0.016216216216216217,0.0012701100762066045,0.0003800836183960471,5.0,6.0,1.4142135623730951,/opt/shared-2/sourmash-db/entire-2025-07-11.k51.rocksdb,GCA_928722215.1 Methanobrevibacter smithii,f39715b55de08ba66029d6393cc99415,0.5567567567567567,30000,65,6120000,,SRR11125891_megahit.sig,7b0a912a,23620000,51,DNA,10000,2362,True,0.9404260562561001,0.9885827974769623,0.9645044268665313,0.9885827974769623,False,15,30956,39465
50000,0.0021168501270110076,0.005747126436781609,0.0012701100762066045,0.00045610034207525655,6.0,5.0,2.160246899469287,/opt/shared-2/sourmash-db/entire-2025-07-11.k51.rocksdb,GCA_034173975.1 Lachnospiraceae bacterium,a23b0253a8973d2c865fac42b93c9e4c,0.009578544061302681,30000,66,6090000,,SRR11125891_megahit.sig,7b0a912a,23620000,51,DNA,10000,2362,True,0.8862628624238331,0.9128882921955422,0.8995755773096876,0.9128882921955422,True,18,30974,39465
140000,0.0059271803556308214,0.016042780748663103,0.0012701100762066045,0.0003294058026099075,4.333333333333333,4.0,0.4714045207910317,/opt/shared-2/sourmash-db/entire-2025-07-11.k51.rocksdb,GCA_958454805.1 uncultured Oscillospiraceae bacterium,13e4ff334075615543535a09f2f95c7c,0.0748663101604278,30000,67,6060000,,SRR11125891_megahit.sig,7b0a912a,23620000,51,DNA,10000,2362,True,0.904337116245866,0.9504454257670488,0.9273912710064574,0.9504454257670488,False,13,30987,39465
20000,0.000846740050804403,0.008733624454148471,0.000846740050804403,0.0023311795261624223,46.0,46.0,9.0,/opt/shared-2/sourmash-db/entire-2025-07-11.k51.rocksdb,GCA_947623915.1 uncultured Ruminiclostridium sp.,1bfc757537ed5520913cad1150ad273a,0.008733624454148471,20000,68,6040000,,SRR11125891_megahit.sig,7b0a912a,23620000,51,DNA,10000,2362,True,0.8704820216684406,0.9112368308464617,0.8908594262574512,0.9112368308464617,True,92,31079,39465
190000,0.008044030482641828,0.013333333333333334,0.000846740050804403,0.0005067781578613962,10.0,10.0,4.0,/opt/shared-2/sourmash-db/entire-2025-07-11.k51.rocksdb,GCA_945915065.1 uncultured Clostridia bacterium,a630bc2a8b469acde2f4aa88f909d865,0.12666666666666668,20000,69,6020000,,SRR11125891_megahit.sig,7b0a912a,23620000,51,DNA,10000,2362,True,0.9097684190454702,0.960296053275262,0.9350322361603661,0.960296053275262,False,20,31099,39465
30000,0.0012701100762066045,0.008368200836820083,0.000846740050804403,0.0012669453946534905,25.0,25.0,1.0,/opt/shared-2/sourmash-db/entire-2025-07-11.k51.rocksdb,GCF_009695915.1 Hornefia butyriciproducens,66ebddcfa0239e129cf48cc4bc7ddc7c,0.012552301255230125,20000,70,6000000,,SRR11125891_megahit.sig,7b0a912a,23620000,51,DNA,10000,2362,True,0.8774301950304677,0.9177408553614469,0.8975855251959572,0.9177408553614469,True,50,31149,39465
30000,0.0012701100762066045,0.0058823529411764705,0.000846740050804403,0.0008868617762574433,17.5,17.5,1.5,/opt/shared-2/sourmash-db/entire-2025-07-11.k51.rocksdb,GCA_028727105.1 bacterium,0a3df4cf6b7ae204a6577db5b1b4c7e1,0.008823529411764706,20000,71,5980000,,SRR11125891_megahit.sig,7b0a912a,23620000,51,DNA,10000,2362,True,0.8774301950304677,0.9114198379775423,0.8944250165040051,0.9114198379775423,True,35,31184,39465
30000,0.0012701100762066045,0.010638297872340425,0.000846740050804403,0.0005574559736475357,11.0,11.0,1.0,/opt/shared-2/sourmash-db/entire-2025-07-11.k51.rocksdb,GCF_009696175.1 Floccifex porci,80bd22bd3fd2c372e9b8cc68feaab454,0.015957446808510637,20000,72,5960000,,SRR11125891_megahit.sig,7b0a912a,23620000,51,DNA,10000,2362,True,0.8774301950304677,0.9220702039793593,0.8997501995049135,0.9220702039793593,True,22,31206,39465
60000,0.002540220152413209,0.008403361344537815,0.000846740050804403,0.0003294058026099075,6.5,6.5,0.5,/opt/shared-2/sourmash-db/entire-2025-07-11.k51.rocksdb,GCA_934591815.1 uncultured Oscillospiraceae bacterium,4e20941bbcca582baee53a1ea25371f5,0.025210084033613446,20000,73,5940000,,SRR11125891_megahit.sig,7b0a912a,23620000,51,DNA,10000,2362,True,0.8894368623593791,0.9303756158530282,0.9099062391062036,0.9303756158530282,True,13,31219,39465
490000,0.020745131244707875,0.01020408163265306,0.000846740050804403,0.0007601672367920942,15.0,15.0,2.0,/opt/shared-2/sourmash-db/entire-2025-07-11.k51.rocksdb,GCA_948557885.1 Limosilactobacillus reuteri,c02ac8443a138b510bcb146d30b42db2,0.25,20000,74,5920000,,SRR11125891_megahit.sig,7b0a912a,23620000,51,DNA,10000,2362,True,0.9268263162049114,0.9731838700228387,0.950005093113875,0.9731838700228387,False,30,31249,39465
670000,0.0283657917019475,0.00881057268722467,0.000846740050804403,0.0007094894210059546,14.0,14.0,1.0,/opt/shared-2/sourmash-db/entire-2025-07-11.k51.rocksdb,GCF_020785595.1 Limosilactobacillus reuteri,a1e1aa7f9473e9c958eb5d2bd9e2af5a,0.29515418502202645,20000,75,5900000,,SRR11125891_megahit.sig,7b0a912a,23620000,51,DNA,10000,2362,True,0.9325296415982196,0.9763573564801163,0.9544434990391679,0.9763573564801163,False,28,31277,39465
70000,0.0029635901778154107,0.005249343832020997,0.000846740050804403,0.0013429621183326998,26.5,26.5,9.5,/opt/shared-2/sourmash-db/entire-2025-07-11.k51.rocksdb,GCA_022771935.1 bacterium,66f884f34f91a32d4ff86535cff066ec,0.01837270341207349,20000,76,5880000,,SRR11125891_megahit.sig,7b0a912a,23620000,51,DNA,10000,2362,True,0.892129307724024,0.9246219044460371,0.9083756060850305,0.9246219044460371,False,53,31330,39465
20000,0.000846740050804403,0.006309148264984227,0.000846740050804403,0.00022805017103762827,4.5,4.5,0.5,/opt/shared-2/sourmash-db/entire-2025-07-11.k51.rocksdb,GCA_963595685.1 Tannerellaceae bacterium,c7c9845bbb7db6c70dbe2e3c2824fe9b,0.006309148264984227,20000,77,5860000,,SRR11125891_megahit.sig,7b0a912a,23620000,51,DNA,10000,2362,True,0.8704820216684406,0.9054452009984111,0.8879636113334258,0.9054452009984111,True,9,31339,39465
100000,0.004233700254022015,0.004228329809725159,0.000846740050804403,0.00040542252628911695,8.0,8.0,0.0,/opt/shared-2/sourmash-db/entire-2025-07-11.k51.rocksdb,GCF_039060295.1 Ruminococcus sp. 2227st1_E6_2227SCRN_220401,7fde40c8078b3d39e634071e4d630a77,0.021141649048625793,20000,78,5840000,,SRR11125891_megahit.sig,7b0a912a,23620000,51,DNA,10000,2362,True,0.8983903950929388,0.9271704580476597,0.9127804265702992,0.9271704580476597,False,16,31355,39465
20000,0.000846740050804403,0.008968609865470852,0.000846740050804403,0.0003040668947168377,6.0,6.0,2.0,/opt/shared-2/sourmash-db/entire-2025-07-11.k51.rocksdb,GCA_945912785.1 uncultured Oscillibacter sp.,6ad3326b979859b2d7056241f9216f45,0.008968609865470852,20000,79,5820000,,SRR11125891_megahit.sig,7b0a912a,23620000,51,DNA,10000,2362,True,0.8704820216684406,0.9117113376687807,0.8910966796686106,0.9117113376687807,True,12,31367,39465
80000,0.003386960203217612,0.003838771593090211,0.000846740050804403,0.001190928670974281,23.5,23.5,9.5,/opt/shared-2/sourmash-db/entire-2025-07-11.k51.rocksdb,GCF_022970875.1 Escherichia coli,2e9ba3a224395db4ada6984ba71d4431,0.015355086372360844,20000,80,5800000,,SRR11125891_megahit.sig,7b0a912a,23620000,51,DNA,10000,2362,True,0.8944681971023749,0.9213747765762254,0.9079214868393002,0.9213747765762254,False,47,31414,39465
40000,0.001693480101608806,0.012195121951219513,0.000846740050804403,0.0003294058026099075,6.5,6.5,2.5,/opt/shared-2/sourmash-db/entire-2025-07-11.k51.rocksdb,GCA_022778005.1 Eubacterium coprostanoligenes,57339b227eac1d80388115d2cf7a1044,0.024390243902439025,20000,81,5780000,,SRR11125891_megahit.sig,7b0a912a,23620000,51,DNA,10000,2362,True,0.8823936108856413,0.9297726932561785,0.9060831520709098,0.9297726932561785,True,13,31427,39465
110000,0.0046570702794242165,0.004962779156327543,0.000846740050804403,0.00040542252628911695,8.0,8.0,5.0,/opt/shared-2/sourmash-db/entire-2025-07-11.k51.rocksdb,GCA_022782205.1 Lachnospiraceae bacterium,9e7e9ba8c975fae95f82cee1091bc444,0.02729528535980149,20000,82,5760000,,SRR11125891_megahit.sig,7b0a912a,23620000,51,DNA,10000,2362,True,0.9000709011677388,0.9318264885349286,0.9159486948513337,0.9318264885349286,False,16,31443,39465
900000,0.03810330228619814,0.010362694300518135,0.000846740050804403,0.0006841505131128849,13.5,13.5,0.5,/opt/shared-2/sourmash-db/entire-2025-07-11.k51.rocksdb,GCA_021623805.1 Christensenellaceae bacterium,2796c3c5cc79b610cd1a41c578a131f3,0.46632124352331605,20000,83,5740000,,SRR11125891_megahit.sig,7b0a912a,23620000,51,DNA,10000,2362,True,0.9379414688301521,0.9851528801882394,0.9615471745091957,0.9851528801882394,False,27,31470,39465
540000,0.02286198137171888,0.011627906976744186,0.000846740050804403,0.0010135563157227924,20.0,20.0,0.0,/opt/shared-2/sourmash-db/entire-2025-07-11.k51.rocksdb,GCA_958403665.1 uncultured Eubacteriales bacterium,446c11633af8b022fb2c520c5933de4d,0.313953488372093,20000,84,5720000,,SRR11125891_megahit.sig,7b0a912a,23620000,51,DNA,10000,2362,True,0.9285937624330183,0.9775401724913801,0.9530669674621992,0.9775401724913801,False,40,31510,39465
1220000,0.05165114309906858,0.009345794392523364,0.000846740050804403,0.0007094894210059546,14.0,14.0,0.0,/opt/shared-2/sourmash-db/entire-2025-07-11.k51.rocksdb,GCA_958447185.1 uncultured Eubacteriales bacterium,92914cd40b7ddf97fe4489719b260973,0.5700934579439252,20000,85,5700000,,SRR11125891_megahit.sig,7b0a912a,23620000,51,DNA,10000,2362,True,0.9435529423955992,0.9890417588864107,0.9662973506410049,0.9890417588864107,False,28,31538,39465
20000,0.000846740050804403,0.00980392156862745,0.000846740050804403,0.0023311795261624223,46.0,46.0,7.0,/opt/shared-2/sourmash-db/entire-2025-07-11.k51.rocksdb,GCA_946410415.1 uncultured Clostridia bacterium,e871e67249aba744dbb47235e1d9fe1d,0.00980392156862745,20000,86,5680000,,SRR11125891_megahit.sig,7b0a912a,23620000,51,DNA,10000,2362,True,0.8704820216684406,0.9133046796219629,0.8918933506452018,0.9133046796219629,True,92,31630,39465
20000,0.000846740050804403,0.007692307692307693,0.000846740050804403,0.00017737235525148865,3.5,3.5,0.5,/opt/shared-2/sourmash-db/entire-2025-07-11.k51.rocksdb,GCA_004556945.1 Clostridiales bacterium,0550d47061722bab182e644236ab7163,0.007692307692307693,20000,87,5660000,,SRR11125891_megahit.sig,7b0a912a,23620000,51,DNA,10000,2362,True,0.8704820216684406,0.9089712150027334,0.889726618335587,0.9089712150027334,True,7,31637,39465
20000,0.000846740050804403,0.008264462809917356,0.000846740050804403,0.0005067781578613962,10.0,10.0,2.0,/opt/shared-2/sourmash-db/entire-2025-07-11.k51.rocksdb,GCA_037238465.1 bacterium,926c56044cf2d313e0562c1101850dfc,0.008264462809917356,20000,88,5640000,,SRR11125891_megahit.sig,7b0a912a,23620000,51,DNA,10000,2362,True,0.8704820216684406,0.9102508039235093,0.890366412795975,0.9102508039235093,True,20,31657,39465
20000,0.000846740050804403,0.007575757575757576,0.000846740050804403,0.00015203344735841885,3.0,3.0,1.0,/opt/shared-2/sourmash-db/entire-2025-07-11.k51.rocksdb,GCA_905192685.1 uncultured Oscillospiraceae bacterium,82fbecd84e9f9df6c7250b8d155a92c6,0.007575757575757576,20000,89,5620000,,SRR11125891_megahit.sig,7b0a912a,23620000,51,DNA,10000,2362,True,0.8704820216684406,0.9086991441072096,0.8895905828878251,0.9086991441072096,True,6,31663,39465
410000,0.01735817104149026,0.00966183574879227,0.000846740050804403,0.0004307614341821867,8.5,8.5,5.5,/opt/shared-2/sourmash-db/entire-2025-07-11.k51.rocksdb,GCF_040104735.1 Enterococcus cecorum,5814ebb69afe2f09e956e63abf80ee74,0.19806763285024154,20000,90,5600000,,SRR11125891_megahit.sig,7b0a912a,23620000,51,DNA,10000,2362,True,0.9235926537245707,0.9687507006816005,0.9461716772030856,0.9687507006816005,False,17,31680,39465
120000,0.005080440304826418,0.008368200836820083,0.000846740050804403,0.00017737235525148865,3.5,3.5,0.5,/opt/shared-2/sourmash-db/entire-2025-07-11.k51.rocksdb,GCA_034181905.1 Candidatus Limivicinus sp.,3185dc13215479dbb89f6088d0f89747,0.0502092050209205,20000,91,5580000,,SRR11125891_megahit.sig,7b0a912a,23620000,51,DNA,10000,2362,True,0.901607827727227,0.9430292503100255,0.9223185390186263,0.9430292503100255,False,7,31687,39465
1670000,0.07070279424216766,0.009523809523809525,0.000846740050804403,0.0009375395920435829,18.5,18.5,8.5,/opt/shared-2/sourmash-db/entire-2025-07-11.k51.rocksdb,GCF_036621875.1 Limosilactobacillus reuteri,d57c2bf5e1f340dd0897f0044c17f133,0.7952380952380952,20000,92,5560000,,SRR11125891_megahit.sig,7b0a912a,23620000,51,DNA,10000,2362,True,0.9493796817872773,0.9955176500019861,0.9724486658946316,0.9955176500019861,False,37,31724,39465
110000,0.0046570702794242165,0.01092896174863388,0.000846740050804403,0.00040542252628911695,8.0,8.0,3.0,/opt/shared-2/sourmash-db/entire-2025-07-11.k51.rocksdb,GCA_004558665.1 Clostridiales bacterium,17c4143b5742b0f01e2860482a8d3e01,0.060109289617486336,20000,93,5540000,,SRR11125891_megahit.sig,7b0a912a,23620000,51,DNA,10000,2362,True,0.9000709011677388,0.9463628387965913,0.923216869982165,0.9463628387965913,False,16,31740,39465
1160000,0.04911092294665537,0.012195121951219513,0.000846740050804403,0.0014696566577980488,29.0,29.0,8.0,/opt/shared-2/sourmash-db/entire-2025-07-11.k51.rocksdb,GCF_029224645.1 Mogibacterium kristiansenii,3433cf831a7585718d2cdf54f52a4838,0.7073170731707317,20000,94,5520000,,SRR11125891_megahit.sig,7b0a912a,23620000,51,DNA,10000,2362,True,0.9426203804053416,0.9932332680060881,0.9679268242057149,0.9932332680060881,False,58,31798,39465
20000,0.000846740050804403,0.006042296072507553,0.000846740050804403,0.0009122006841505131,18.0,18.0,5.0,/opt/shared-2/sourmash-db/entire-2025-07-11.k51.rocksdb,GCA_905211725.1 uncultured Bacteroidales bacterium,4e86a772f1c9d6d5b846002fa43dde8f,0.006042296072507553,20000,95,5500000,,SRR11125891_megahit.sig,7b0a912a,23620000,51,DNA,10000,2362,True,0.8704820216684406,0.9046782659018088,0.8875801437851247,0.9046782659018088,True,36,31834,39465
20000,0.000846740050804403,0.004415011037527594,0.000846740050804403,0.00022805017103762827,4.5,4.5,1.5,/opt/shared-2/sourmash-db/entire-2025-07-11.k51.rocksdb,GCA_022783445.1 Clostridia bacterium,873b6f9d6d2fa3154e62c6bc5315849b,0.004415011037527594,20000,96,5480000,,SRR11125891_megahit.sig,7b0a912a,23620000,51,DNA,10000,2362,True,0.8704820216684406,0.8991293864290767,0.8848057040487587,0.8991293864290767,True,9,31843,39465
220000,0.009314140558848433,0.007547169811320755,0.000846740050804403,5.067781578613962e-05,1.0,1.0,0.0,/opt/shared-2/sourmash-db/entire-2025-07-11.k51.rocksdb,GCF_022806955.1 Enterococcus cecorum,0c55844247860c714c57b4fbe504f449,0.0830188679245283,20000,97,5460000,,SRR11125891_megahit.sig,7b0a912a,23620000,51,DNA,10000,2362,True,0.9123873816626679,0.9523736881698723,0.9323805349162702,0.9523736881698723,False,2,31845,39465
90000,0.003810330228619814,0.004672897196261682,0.000846740050804403,0.0007348283288990244,14.5,14.5,1.5,/opt/shared-2/sourmash-db/entire-2025-07-11.k51.rocksdb,GCA_004562005.1 bacterium,8664f705a6ea5bf72e83f7da7d7eddca,0.02102803738317757,20000,98,5440000,,SRR11125891_megahit.sig,7b0a912a,23620000,51,DNA,10000,2362,True,0.8965363329520117,0.9270725045228982,0.911804418737455,0.9270725045228982,False,29,31874,39465
20000,0.000846740050804403,0.0106951871657754,0.000846740050804403,0.00040542252628911695,8.0,8.0,3.0,/opt/shared-2/sourmash-db/entire-2025-07-11.k51.rocksdb,GCA_000431575.1 Firmicutes bacterium CAG:83,60a6e502d5d636ee7116203c55cba64d,0.0106951871657754,20000,99,5420000,,SRR11125891_megahit.sig,7b0a912a,23620000,51,DNA,10000,2362,True,0.8704820216684406,0.9148642036741179,0.8926731126712792,0.9148642036741179,True,16,31890,39465
20000,0.000846740050804403,0.007246376811594203,0.000846740050804403,0.0003294058026099075,6.5,6.5,3.5,/opt/shared-2/sourmash-db/entire-2025-07-11.k51.rocksdb,GCF_034089465.1 Romboutsia timonensis,15622564136360cbd632a901a2860ce8,0.007246376811594203,20000,100,5400000,,SRR11125891_megahit.sig,7b0a912a,23620000,51,DNA,10000,2362,True,0.8704820216684406,0.9079074641021062,0.8891947428852733,0.9079074641021062,True,13,31903,39465
170000,0.0071972904318374255,0.020618556701030927,0.000846740050804403,0.0002533890789306981,5.0,5.0,2.0,/opt/shared-2/sourmash-db/entire-2025-07-11.k51.rocksdb,GCA_946061745.1 uncultured Clostridia bacterium,2194ec39024b19a76b1ec7708aa5a842,0.17525773195876287,20000,101,5380000,,SRR11125891_megahit.sig,7b0a912a,23620000,51,DNA,10000,2362,True,0.907786471820402,0.9664294170466172,0.9371079444335095,0.9664294170466172,False,10,31913,39465
20000,0.000846740050804403,0.010752688172043012,0.000846740050804403,0.000658811605219815,13.0,13.0,1.0,/opt/shared-2/sourmash-db/entire-2025-07-11.k51.rocksdb,GCA_946410205.1 uncultured Clostridia bacterium,58629fd835c832499ef7ccf92da98943,0.010752688172043012,20000,102,5360000,,SRR11125891_megahit.sig,7b0a912a,23620000,51,DNA,10000,2362,True,0.8704820216684406,0.9149603940215936,0.8927212078450171,0.9149603940215936,True,26,31939,39465
10000,0.0004233700254022015,4.268578990054211e-06,0.0004233700254022015,0.00012669453946534905,5.0,5.0,0.0,/opt/shared-2/sourmash-db/entire-2025-07-11.k51.rocksdb,GCF_000003025.6 pig (Sus scrofa),2edac3821d65091319e98478f22e942c,4.268578990054211e-06,10000,103,5350000,,SRR11125891_megahit.sig,7b0a912a,23620000,51,DNA,10000,2362,True,0.8587312291251152,0.7847140665191747,0.821722647822145,0.8587312291251152,True,5,31944,39465
10000,0.0004233700254022015,9.775935557032808e-06,0.0004233700254022015,0.0009122006841505131,36.0,36.0,0.0,/opt/shared-2/sourmash-db/entire-2025-07-11.k51.rocksdb,GCA_026284865.1 Red-and-blue lory (Eos histrio),58802e3c7c2bd3fc03b0e517ebac5210,9.775935557032808e-06,10000,104,5340000,,SRR11125891_megahit.sig,7b0a912a,23620000,51,DNA,10000,2362,True,0.8587312291251152,0.7975681643460795,0.8281496967355974,0.8587312291251152,True,36,31980,39465
40000,0.001693480101608806,0.003048780487804878,0.0004233700254022015,0.00040542252628911695,16.0,16.0,0.0,/opt/shared-2/sourmash-db/entire-2025-07-11.k51.rocksdb,GCA_900539525.1 uncultured Blautia sp.,55269679f45534c799fe623b7e2dd2a2,0.012195121951219513,10000,105,5330000,,SRR11125891_megahit.sig,7b0a912a,23620000,51,DNA,10000,2362,True,0.8823936108856413,0.9172215253297448,0.899807568107693,0.9172215253297448,True,16,31996,39465
20000,0.000846740050804403,0.00546448087431694,0.0004233700254022015,0.0002533890789306981,10.0,10.0,0.0,/opt/shared-2/sourmash-db/entire-2025-07-11.k51.rocksdb,GCA_029008005.1 Bacillota bacterium,981c101cf882498417c68ea259386327,0.01092896174863388,10000,106,5320000,,SRR11125891_megahit.sig,7b0a912a,23620000,51,DNA,10000,2362,True,0.8704820216684406,0.9152521607784074,0.892867091223424,0.9152521607784074,True,10,32006,39465
30000,0.0012701100762066045,0.002688172043010753,0.0004233700254022015,0.00022805017103762827,9.0,9.0,0.0,/opt/shared-2/sourmash-db/entire-2025-07-11.k51.rocksdb,GCF_900142265.1 Anaerotignum lactatifermentans DSM 14214,04d4e9e81c7a29f13bac5b7838b907fe,0.008064516129032258,10000,107,5310000,,SRR11125891_megahit.sig,7b0a912a,23620000,51,DNA,10000,2362,True,0.8774301950304677,0.9098137917904366,0.8936219934104521,0.9098137917904366,True,9,32015,39465
20000,0.000846740050804403,0.0022727272727272726,0.0004233700254022015,0.00015203344735841885,6.0,6.0,0.0,/opt/shared-2/sourmash-db/entire-2025-07-11.k51.rocksdb,GCF_000169255.2 Pseudoflavonifractor capillosus ATCC 29799,d74b625eb79a6cb4a15efd0f3b235d64,0.004545454545454545,10000,108,5300000,,SRR11125891_megahit.sig,7b0a912a,23620000,51,DNA,10000,2362,True,0.8704820216684406,0.8996428723837347,0.8850624470260877,0.8996428723837347,True,6,32021,39465
20000,0.000846740050804403,0.005988023952095809,0.0004233700254022015,0.0023311795261624223,92.0,92.0,0.0,/opt/shared-2/sourmash-db/entire-2025-07-11.k51.rocksdb,GCA_022774755.1 bacterium,992dccf4c4ad893a1e8b0bcae30e6237,0.011976047904191617,10000,109,5290000,,SRR11125891_megahit.sig,7b0a912a,23620000,51,DNA,10000,2362,True,0.8704820216684406,0.9168955670398317,0.8936887943541361,0.9168955670398317,True,92,32113,39465
20000,0.000846740050804403,0.003278688524590164,0.0004233700254022015,7.601672367920942e-05,3.0,3.0,0.0,/opt/shared-2/sourmash-db/entire-2025-07-11.k51.rocksdb,GCA_027698105.1 Lachnospiraceae bacterium AM93-12TA,f821d8844c094d52e571f3dd31e82984,0.006557377049180328,10000,110,5280000,,SRR11125891_megahit.sig,7b0a912a,23620000,51,DNA,10000,2362,True,0.8704820216684406,0.9061305804211921,0.8883063010448163,0.9061305804211921,True,3,32116,39465
10000,0.0004233700254022015,0.006369426751592357,0.0004233700254022015,0.0005827948815406056,23.0,23.0,0.0,/opt/shared-2/sourmash-db/entire-2025-07-11.k51.rocksdb,GCA_029006195.1 Bacillota bacterium,4517bc6e823568cc92a72fd7f1936129,0.006369426751592357,10000,111,5270000,,SRR11125891_megahit.sig,7b0a912a,23620000,51,DNA,10000,2362,True,0.8587312291251152,0.9056140341181776,0.8821726316216465,0.9056140341181776,True,23,32139,39465
30000,0.0012701100762066045,0.003003003003003003,0.0004233700254022015,0.00022805017103762827,9.0,9.0,0.0,/opt/shared-2/sourmash-db/entire-2025-07-11.k51.rocksdb,GCF_005121165.3 Dysosmobacter welbionis,4342976d33f6251dfc4f3ccc86d786b6,0.009009009009009009,10000,112,5260000,,SRR11125891_megahit.sig,7b0a912a,23620000,51,DNA,10000,2362,True,0.8774301950304677,0.9117916860315043,0.894610940530986,0.9117916860315043,True,9,32148,39465
10000,0.0004233700254022015,0.004545454545454545,0.0004233700254022015,0.013328265551754719,526.0,526.0,0.0,/opt/shared-2/sourmash-db/entire-2025-07-11.k51.rocksdb,GCA_944376655.1 uncultured Clostridia bacterium,b38549fb358b91c0af8bc1c53b665165,0.004545454545454545,10000,113,5250000,,SRR11125891_megahit.sig,7b0a912a,23620000,51,DNA,10000,2362,True,0.8587312291251152,0.8996428723837347,0.879187050754425,0.8996428723837347,True,526,32674,39465
30000,0.0012701100762066045,0.0049261083743842365,0.0004233700254022015,0.0003294058026099075,13.0,13.0,0.0,/opt/shared-2/sourmash-db/entire-2025-07-11.k51.rocksdb,GCA_029225225.1 Bacillota bacterium,8f582a77b9413a276e62e77a129313f3,0.014778325123152709,10000,114,5240000,,SRR11125891_megahit.sig,7b0a912a,23620000,51,DNA,10000,2362,True,0.8774301950304677,0.9206833692885147,0.8990567821594913,0.9206833692885147,True,13,32687,39465
10000,0.0004233700254022015,0.004048582995951417,0.0004233700254022015,0.00017737235525148865,7.0,7.0,0.0,/opt/shared-2/sourmash-db/entire-2025-07-11.k51.rocksdb,GCF_016901775.1 Intestinimonas butyriciproducens,c08d89bf9f46f4719a99f54cbfe46dd8,0.004048582995951417,10000,115,5230000,,SRR11125891_megahit.sig,7b0a912a,23620000,51,DNA,10000,2362,True,0.8587312291251152,0.8976031612871362,0.8781671952061257,0.8976031612871362,True,7,32694,39465
100000,0.004233700254022015,0.0031847133757961785,0.0004233700254022015,7.601672367920942e-05,3.0,3.0,0.0,/opt/shared-2/sourmash-db/entire-2025-07-11.k51.rocksdb,GCF_021531995.1 Faecalicatena contorta,364cd93c3c68f436654895a28826dbf0,0.03184713375796178,10000,116,5220000,,SRR11125891_megahit.sig,7b0a912a,23620000,51,DNA,10000,2362,True,0.8983903950929388,0.9346487689128076,0.9165195820028732,0.9346487689128076,False,3,32697,39465
10000,0.0004233700254022015,0.0037313432835820895,0.0004233700254022015,0.00012669453946534905,5.0,5.0,0.0,/opt/shared-2/sourmash-db/entire-2025-07-11.k51.rocksdb,GCA_902792985.1 Oscillospiraceae bacterium,624cc5bf6c1f4d00ff5bd10a5e8146a0,0.0037313432835820895,10000,117,5210000,,SRR11125891_megahit.sig,7b0a912a,23620000,51,DNA,10000,2362,True,0.8587312291251152,0.8961681683781925,0.8774496987516538,0.8961681683781925,True,5,32702,39465
10000,0.0004233700254022015,0.00392156862745098,0.0004233700254022015,0.00040542252628911695,16.0,16.0,0.0,/opt/shared-2/sourmash-db/entire-2025-07-11.k51.rocksdb,GCA_904385435.1 uncultured Lachnospiraceae bacterium,00f792c3d626b9f4760061a0212e559d,0.00392156862745098,10000,118,5200000,,SRR11125891_megahit.sig,7b0a912a,23620000,51,DNA,10000,2362,True,0.8587312291251152,0.8970423309200757,0.8778867800225955,0.8970423309200757,True,16,32718,39465
10000,0.0004233700254022015,0.005263157894736842,0.0004233700254022015,0.00010135563157227924,4.0,4.0,0.0,/opt/shared-2/sourmash-db/entire-2025-07-11.k51.rocksdb,GCA_017434845.1 Clostridia bacterium,952620d4d50fc54578a83e70596f25a8,0.005263157894736842,10000,119,5190000,,SRR11125891_megahit.sig,7b0a912a,23620000,51,DNA,10000,2362,True,0.8587312291251152,0.9022326864532024,0.8804819577891588,0.9022326864532024,True,4,32722,39465
10000,0.0004233700254022015,0.004098360655737705,0.0004233700254022015,0.0002787279868237679,11.0,11.0,0.0,/opt/shared-2/sourmash-db/entire-2025-07-11.k51.rocksdb,GCA_958354085.1 uncultured Oscillospiraceae bacterium,e7edd5aceea7e0a23099f7ddddaabf72,0.004098360655737705,10000,120,5180000,,SRR11125891_megahit.sig,7b0a912a,23620000,51,DNA,10000,2362,True,0.8587312291251152,0.8978182617731918,0.8782747454491535,0.8978182617731918,True,11,32733,39465
40000,0.001693480101608806,0.00558659217877095,0.0004233700254022015,0.0003547447105029773,14.0,14.0,0.0,/opt/shared-2/sourmash-db/entire-2025-07-11.k51.rocksdb,GCF_025311495.1 Limosilactobacillus oris,854db7afa1e4b5747279f6903258d4ca,0.0223463687150838,10000,121,5170000,,SRR11125891_megahit.sig,7b0a912a,23620000,51,DNA,10000,2362,True,0.8823936108856413,0.9281785099837485,0.9052860604346948,0.9281785099837485,True,14,32747,39465
400000,0.01693480101608806,0.0055248618784530384,0.0004233700254022015,0.0006081337894336754,24.0,24.0,0.0,/opt/shared-2/sourmash-db/entire-2025-07-11.k51.rocksdb,GCF_036621895.1 Limosilactobacillus reuteri subsp. porcinus,51d261afd4bc6e5d6d6de180da8b9693,0.22099447513812154,10000,122,5160000,,SRR11125891_megahit.sig,7b0a912a,23620000,51,DNA,10000,2362,True,0.9231455871456803,0.9708334548100789,0.9469895209778796,0.9708334548100789,False,24,32771,39465
10000,0.0004233700254022015,0.004784688995215311,0.0004233700254022015,7.601672367920942e-05,3.0,3.0,0.0,/opt/shared-2/sourmash-db/entire-2025-07-11.k51.rocksdb,GCA_945787805.1 uncultured Clostridia bacterium,a3a375158119c78eb1e6622803f228f8,0.004784688995215311,10000,123,5150000,,SRR11125891_megahit.sig,7b0a912a,23620000,51,DNA,10000,2362,True,0.8587312291251152,0.9005481441482567,0.879639686636686,0.9005481441482567,True,3,32774,39465
40000,0.001693480101608806,0.005025125628140704,0.0004233700254022015,0.0015963511972633979,63.0,63.0,0.0,/opt/shared-2/sourmash-db/entire-2025-07-11.k51.rocksdb,GCA_019114085.1 Candidatus Eubacterium faecipullorum,23c9c9672d05dd9e8543e8d94f6b1ba2,0.020100502512562814,10000,124,5140000,,SRR11125891_megahit.sig,7b0a912a,23620000,51,DNA,10000,2362,True,0.8823936108856413,0.9262528288328298,0.9043232198592355,0.9262528288328298,True,63,32837,39465
30000,0.0012701100762066045,0.003816793893129771,0.0004233700254022015,0.0002787279868237679,11.0,11.0,0.0,/opt/shared-2/sourmash-db/entire-2025-07-11.k51.rocksdb,GCF_002157465.1 Butyricicoccus porcorum,17356fe62d1958bf56c926921616106f,0.011450381679389313,10000,125,5130000,,SRR11125891_megahit.sig,7b0a912a,23620000,51,DNA,10000,2362,True,0.8774301950304677,0.9160889535696389,0.8967595743000534,0.9160889535696389,True,11,32848,39465
20000,0.000846740050804403,0.0041841004184100415,0.0004233700254022015,0.0008868617762574433,35.0,35.0,0.0,/opt/shared-2/sourmash-db/entire-2025-07-11.k51.rocksdb,GCA_900769905.1 Rikenellaceae bacterium,6b54c914b2a04f2de8af62cd6d0e232f,0.008368200836820083,10000,126,5120000,,SRR11125891_megahit.sig,7b0a912a,23620000,51,DNA,10000,2362,True,0.8704820216684406,0.9104734709010283,0.8904777462847344,0.9104734709010283,True,35,32883,39465
10000,0.0004233700254022015,0.006535947712418301,0.0004233700254022015,0.000532117065754466,21.0,21.0,0.0,/opt/shared-2/sourmash-db/entire-2025-07-11.k51.rocksdb,GCA_030525245.1 Erysipelotrichia bacterium,4f7fbaf1077d569cfd73913d11f6661c,0.006535947712418301,10000,127,5110000,,SRR11125891_megahit.sig,7b0a912a,23620000,51,DNA,10000,2362,True,0.8587312291251152,0.9060724242444924,0.8824018266848038,0.9060724242444924,True,21,32904,39465
410000,0.01735817104149026,0.0045045045045045045,0.0004233700254022015,0.00015203344735841885,6.0,6.0,0.0,/opt/shared-2/sourmash-db/entire-2025-07-11.k51.rocksdb,GCF_000407565.1 Enterococcus cecorum DSM 20682 = ATCC 43198,231fd5a23c3277ee8e1d7d9e68061dc3,0.18468468468468469,10000,128,5100000,,SRR11125891_megahit.sig,7b0a912a,23620000,51,DNA,10000,2362,True,0.9235926537245707,0.967422740485496,0.9455076971050334,0.967422740485496,False,6,32910,39465
10000,0.0004233700254022015,0.0036231884057971015,0.0004233700254022015,0.00040542252628911695,16.0,16.0,0.0,/opt/shared-2/sourmash-db/entire-2025-07-11.k51.rocksdb,GCA_963639765.1 Oscillospiraceae bacterium,ad4dda55119b4804853c73ab691bcb42,0.0036231884057971015,10000,129,5090000,,SRR11125891_megahit.sig,7b0a912a,23620000,51,DNA,10000,2362,True,0.8587312291251152,0.8956514588158029,0.8771913439704591,0.8956514588158029,True,16,32926,39465
30000,0.0012701100762066045,0.0041841004184100415,0.0004233700254022015,0.00010135563157227924,4.0,4.0,0.0,/opt/shared-2/sourmash-db/entire-2025-07-11.k51.rocksdb,GCF_021531495.1 Anaerovibrio lipolyticus,61b7e3b386ce7dc3ae6837c578577f87,0.012552301255230125,10000,130,5080000,,SRR11125891_megahit.sig,7b0a912a,23620000,51,DNA,10000,2362,True,0.8774301950304677,0.9177408553614469,0.8975855251959572,0.9177408553614469,True,4,32930,39465
10000,0.0004233700254022015,0.006172839506172839,0.0004233700254022015,0.0002533890789306981,10.0,10.0,0.0,/opt/shared-2/sourmash-db/entire-2025-07-11.k51.rocksdb,GCA_030529125.1 Eubacteriales bacterium,d2f0ebfe210b21988148fe4256087615,0.006172839506172839,10000,131,5070000,,SRR11125891_megahit.sig,7b0a912a,23620000,51,DNA,10000,2362,True,0.8587312291251152,0.9050575095049318,0.8818943693150235,0.9050575095049318,True,10,32940,39465
70000,0.0029635901778154107,0.003105590062111801,0.0004233700254022015,0.00015203344735841885,6.0,6.0,0.0,/opt/shared-2/sourmash-db/entire-2025-07-11.k51.rocksdb,GCA_007361935.1 Lachnospiraceae bacterium KGMB03038,54997e233648fcbca94cdee7d433c2c3,0.021739130434782608,10000,132,5060000,,SRR11125891_megahit.sig,7b0a912a,23620000,51,DNA,10000,2362,True,0.892129307724024,0.9276772478722348,0.9099032777981294,0.9276772478722348,False,6,32946,39465
10000,0.0004233700254022015,0.004694835680751174,0.0004233700254022015,5.067781578613962e-05,2.0,2.0,0.0,/opt/shared-2/sourmash-db/entire-2025-07-11.k51.rocksdb,GCA_004553485.1 Bacteroidales bacterium,18d80add446a67d29782640eee0ab473,0.004694835680751174,10000,133,5050000,,SRR11125891_megahit.sig,7b0a912a,23620000,51,DNA,10000,2362,True,0.8587312291251152,0.9002134511815334,0.8794723401533243,0.9002134511815334,True,2,32948,39465
30000,0.0012701100762066045,0.0022222222222222222,0.0004233700254022015,5.067781578613962e-05,2.0,2.0,0.0,/opt/shared-2/sourmash-db/entire-2025-07-11.k51.rocksdb,GCF_020537505.1 Blautia glucerasea,12d3d8c1f5a2b769eecb42504bf0e537,0.006666666666666667,10000,134,5040000,,SRR11125891_megahit.sig,7b0a912a,23620000,51,DNA,10000,2362,True,0.8774301950304677,0.9064243085270774,0.8919272517787726,0.9064243085270774,True,2,32950,39465
10000,0.0004233700254022015,0.005434782608695652,0.0004233700254022015,0.0002787279868237679,11.0,11.0,0.0,/opt/shared-2/sourmash-db/entire-2025-07-11.k51.rocksdb,GCF_900459405.1 Streptococcus hyointestinalis,b48a007e2db3df81f65e948d8db06e83,0.005434782608695652,10000,135,5030000,,SRR11125891_megahit.sig,7b0a912a,23620000,51,DNA,10000,2362,True,0.8587312291251152,0.9028005342164377,0.8807658816707764,0.9028005342164377,True,11,32961,39465
850000,0.03598645215918713,0.003745318352059925,0.0004233700254022015,0.00022805017103762827,9.0,9.0,0.0,/opt/shared-2/sourmash-db/entire-2025-07-11.k51.rocksdb,GCA_001940855.1 Christensenellaceae bacterium Phil1,b3e5b69041ae7b5e8592f00dadee84b3,0.31835205992509363,10000,136,5020000,,SRR11125891_megahit.sig,7b0a912a,23620000,51,DNA,10000,2362,True,0.9368908567641745,0.9778068862058115,0.9573488714849929,0.9778068862058115,False,9,32970,39465
470000,0.01989839119390347,0.0047169811320754715,0.0004233700254022015,7.601672367920942e-05,3.0,3.0,0.0,/opt/shared-2/sourmash-db/entire-2025-07-11.k51.rocksdb,GCA_945830165.1 uncultured Lachnospiraceae bacterium,c302742d7088648266ac32962b6b3fad,0.22169811320754718,10000,137,5010000,,SRR11125891_megahit.sig,7b0a912a,23620000,51,DNA,10000,2362,True,0.9260693049070257,0.9708939701575784,0.948481637532302,0.9708939701575784,False,3,32973,39465
30000,0.0012701100762066045,0.0044444444444444444,0.0004233700254022015,7.601672367920942e-05,3.0,3.0,0.0,/opt/shared-2/sourmash-db/entire-2025-07-11.k51.rocksdb,GCA_002369315.1 Ruminococcaceae bacterium UBA3818,3ac2d68ac03bce7f621ac88c9ea43070,0.013333333333333334,10000,138,5000000,,SRR11125891_megahit.sig,7b0a912a,23620000,51,DNA,10000,2362,True,0.8774301950304677,0.9188277284150211,0.8981289617227444,0.9188277284150211,True,3,32976,39465
10000,0.0004233700254022015,0.004219409282700422,0.0004233700254022015,0.00020271126314455848,8.0,8.0,0.0,/opt/shared-2/sourmash-db/entire-2025-07-11.k51.rocksdb,GCA_022763735.1 Clostridiales bacterium,8c7625ac9d781992111f685654a671a5,0.004219409282700422,10000,139,4990000,,SRR11125891_megahit.sig,7b0a912a,23620000,51,DNA,10000,2362,True,0.8587312291251152,0.898330834887376,0.8785310320062456,0.898330834887376,True,8,32984,39465
10000,0.0004233700254022015,0.003861003861003861,0.0004233700254022015,0.00015203344735841885,6.0,6.0,0.0,/opt/shared-2/sourmash-db/entire-2025-07-11.k51.rocksdb,GCA_030526355.1 Bacillota bacterium,3c521b425dd5a1f952c6119304835ea9,0.003861003861003861,10000,140,4980000,,SRR11125891_megahit.sig,7b0a912a,23620000,51,DNA,10000,2362,True,0.8587312291251152,0.8967686073925827,0.877749918258849,0.8967686073925827,True,6,32990,39465
10000,0.0004233700254022015,0.003703703703703704,0.0004233700254022015,0.0014189788420119092,56.0,56.0,0.0,/opt/shared-2/sourmash-db/entire-2025-07-11.k51.rocksdb,GCF_003438075.1 Eubacterium sp. OM08-24,0d906f816a550894d35d3a3af611a405,0.003703703703703704,10000,141,4970000,,SRR11125891_megahit.sig,7b0a912a,23620000,51,DNA,10000,2362,True,0.8587312291251152,0.8960375310174413,0.8773843800712783,0.8960375310174413,True,56,33046,39465
10000,0.0004233700254022015,0.0058823529411764705,0.0004233700254022015,0.0003294058026099075,13.0,13.0,0.0,/opt/shared-2/sourmash-db/entire-2025-07-11.k51.rocksdb,GCA_900546415.1 uncultured Eubacteriales bacterium,038d88c1623a965eb0bb503b49ee74a9,0.0058823529411764705,10000,142,4960000,,SRR11125891_megahit.sig,7b0a912a,23620000,51,DNA,10000,2362,True,0.8587312291251152,0.9042025082392618,0.8814668686821885,0.9042025082392618,True,13,33059,39465
30000,0.0012701100762066045,0.0038314176245210726,0.0004233700254022015,0.00015203344735841885,6.0,6.0,0.0,/opt/shared-2/sourmash-db/entire-2025-07-11.k51.rocksdb,GCA_022787405.1 Bacillota bacterium,e401a512e68c5d3772593956fc65e609,0.011494252873563218,10000,143,4950000,,SRR11125891_megahit.sig,7b0a912a,23620000,51,DNA,10000,2362,True,0.8774301950304677,0.9161576465862531,0.8967939208083604,0.9161576465862531,True,6,33065,39465
50000,0.0021168501270110076,0.006756756756756757,0.0004233700254022015,7.601672367920942e-05,3.0,3.0,0.0,/opt/shared-2/sourmash-db/entire-2025-07-11.k51.rocksdb,GCA_945980025.1 uncultured Lactobacillus sp.,abce77305789400c2a2f626e948419a4,0.033783783783783786,10000,144,4940000,,SRR11125891_megahit.sig,7b0a912a,23620000,51,DNA,10000,2362,True,0.8862628624238331,0.9357312701557728,0.910997066289803,0.9357312701557728,True,3,33068,39465
10000,0.0004233700254022015,0.0033333333333333335,0.0004233700254022015,0.0013683010262257698,54.0,54.0,0.0,/opt/shared-2/sourmash-db/entire-2025-07-11.k51.rocksdb,GCA_016293615.1 Acetatifactor sp.,4a8fbb1eb67b77333e0d02ac490d721c,0.0033333333333333335,10000,145,4930000,,SRR11125891_megahit.sig,7b0a912a,23620000,51,DNA,10000,2362,True,0.8587312291251152,0.8941883246232241,0.8764597768741696,0.8941883246232241,True,54,33122,39465
10000,0.0004233700254022015,0.003875968992248062,0.0004233700254022015,0.00012669453946534905,5.0,5.0,0.0,/opt/shared-2/sourmash-db/entire-2025-07-11.k51.rocksdb,GCA_022769185.1 Dorea sp.,16dd68cb598990d962cc43eff3fc1252,0.003875968992248062,10000,146,4920000,,SRR11125891_megahit.sig,7b0a912a,23620000,51,DNA,10000,2362,True,0.8587312291251152,0.8968366321005671,0.8777839306128412,0.8968366321005671,True,5,33127,39465
10000,0.0004233700254022015,0.004329004329004329,0.0004233700254022015,0.0002787279868237679,11.0,11.0,0.0,/opt/shared-2/sourmash-db/entire-2025-07-11.k51.rocksdb,GCA_022785845.1 Oscillospiraceae bacterium,4e1379a0be59eb9322b07f15e4599b05,0.004329004329004329,10000,147,4910000,,SRR11125891_megahit.sig,7b0a912a,23620000,51,DNA,10000,2362,True,0.8587312291251152,0.8987826226929593,0.8787569259090373,0.8987826226929593,True,11,33138,39465
210000,0.008890770533446233,0.004878048780487805,0.0004233700254022015,0.00012669453946534905,5.0,5.0,0.0,/opt/shared-2/sourmash-db/entire-2025-07-11.k51.rocksdb,GCA_900758815.1 uncultured Oscillospiraceae bacterium,3c5cc2a80d26f2ed24a4b299dc2bbbd5,0.1024390243902439,10000,148,4900000,,SRR11125891_megahit.sig,7b0a912a,23620000,51,DNA,10000,2362,True,0.9115555204230694,0.9563070587865614,0.9339312896048154,0.9563070587865614,False,5,33143,39465
400000,0.01693480101608806,0.005291005291005291,0.0004233700254022015,0.0003294058026099075,13.0,13.0,0.0,/opt/shared-2/sourmash-db/entire-2025-07-11.k51.rocksdb,GCF_020785865.1 Limosilactobacillus reuteri,61e7444b6bbf3422768fff3d55814537,0.21164021164021163,10000,149,4890000,,SRR11125891_megahit.sig,7b0a912a,23620000,51,DNA,10000,2362,True,0.9231455871456803,0.9700104992754726,0.9465780432105764,0.9700104992754726,False,13,33156,39465
40000,0.001693480101608806,0.00425531914893617,0.0004233700254022015,0.0003294058026099075,13.0,13.0,0.0,/opt/shared-2/sourmash-db/entire-2025-07-11.k51.rocksdb,GCA_036727705.1 Clostridia bacterium,4a80468fd0ce963191022a5027f0001d,0.01702127659574468,10000,150,4880000,,SRR11125891_megahit.sig,7b0a912a,23620000,51,DNA,10000,2362,True,0.8823936108856413,0.9232377866545154,0.9028156987700784,0.9232377866545154,True,13,33169,39465
370000,0.015664690939881456,0.005405405405405406,0.0004233700254022015,0.000532117065754466,21.0,21.0,0.0,/opt/shared-2/sourmash-db/entire-2025-07-11.k51.rocksdb,GCF_020786045.1 Limosilactobacillus reuteri,3fc753e333c970a980fb04ee8dec441e,0.2,10000,151,4870000,,SRR11125891_megahit.sig,7b0a912a,23620000,51,DNA,10000,2362,True,0.921735491609213,0.9689351382462063,0.9453353149277096,0.9689351382462063,False,21,33190,39465
30000,0.0012701100762066045,0.007692307692307693,0.0004233700254022015,0.00010135563157227924,4.0,4.0,0.0,/opt/shared-2/sourmash-db/entire-2025-07-11.k51.rocksdb,GCA_035647315.1 Oscillospiraceae bacterium,d1da1e0bdd541f7d7ba724c35c49e2ad,0.023076923076923078,10000,152,4860000,,SRR11125891_megahit.sig,7b0a912a,23620000,51,DNA,10000,2362,True,0.8774301950304677,0.9287641620644111,0.9030971785474394,0.9287641620644111,True,4,33194,39465
1650000,0.06985605419136325,0.004784688995215311,0.0004233700254022015,0.0002787279868237679,11.0,11.0,0.0,/opt/shared-2/sourmash-db/entire-2025-07-11.k51.rocksdb,GCF_013348825.1 Limosilactobacillus reuteri,b872f724ff4df8f1f577d87ac7d9cf96,0.7894736842105263,10000,153,4850000,,SRR11125891_megahit.sig,7b0a912a,23620000,51,DNA,10000,2362,True,0.9491554249878176,0.995375651298798,0.9722655381433079,0.995375651298798,False,11,33205,39465
10000,0.0004233700254022015,0.004081632653061225,0.0004233700254022015,5.067781578613962e-05,2.0,2.0,0.0,/opt/shared-2/sourmash-db/entire-2025-07-11.k51.rocksdb,GCA_004557065.1 Bacteroidales bacterium,b11376fc2ae4499cba6761c8f0a4637e,0.004081632653061225,10000,154,4840000,,SRR11125891_megahit.sig,7b0a912a,23620000,51,DNA,10000,2362,True,0.8587312291251152,0.897746263416111,0.8782387462706132,0.897746263416111,True,2,33207,39465
10000,0.0004233700254022015,0.0030120481927710845,0.0004233700254022015,0.0005574559736475357,22.0,22.0,0.0,/opt/shared-2/sourmash-db/entire-2025-07-11.k51.rocksdb,GCA_028726745.1 Spirochaetales bacterium,03c9445ea079bf88c4460c2967c6a70e,0.0030120481927710845,10000,155,4830000,,SRR11125891_megahit.sig,7b0a912a,23620000,51,DNA,10000,2362,True,0.8587312291251152,0.8924130653337523,0.8755721472294338,0.8924130653337523,True,22,33229,39465
10000,0.0004233700254022015,0.006097560975609756,0.0004233700254022015,0.00012669453946534905,5.0,5.0,0.0,/opt/shared-2/sourmash-db/entire-2025-07-11.k51.rocksdb,GCA_034108945.1 Eubacteriales bacterium,274fc981f23708f801bf1e7a42d2a618,0.006097560975609756,10000,156,4820000,,SRR11125891_megahit.sig,7b0a912a,23620000,51,DNA,10000,2362,True,0.8587312291251152,0.9048397878646056,0.8817855084948605,0.9048397878646056,True,5,33234,39465
50000,0.0021168501270110076,0.005025125628140704,0.0004233700254022015,0.00010135563157227924,4.0,4.0,0.0,/opt/shared-2/sourmash-db/entire-2025-07-11.k51.rocksdb,GCA_034090225.1 Oscillospiraceae bacterium,4ba2f367f8b0911b311892687a47e863,0.02512562814070352,10000,157,4810000,,SRR11125891_megahit.sig,7b0a912a,23620000,51,DNA,10000,2362,True,0.8862628624238331,0.9303144008325623,0.9082886316281977,0.9303144008325623,True,4,33238,39465
10000,0.0004233700254022015,0.004219409282700422,0.0004233700254022015,0.0002533890789306981,10.0,10.0,0.0,/opt/shared-2/sourmash-db/entire-2025-07-11.k51.rocksdb,GCF_034090155.1 Hornefia butyriciproducens,9c5b4968d6b194171b4c65f27bfb60b2,0.004219409282700422,10000,158,4800000,,SRR11125891_megahit.sig,7b0a912a,23620000,51,DNA,10000,2362,True,0.8587312291251152,0.898330834887376,0.8785310320062456,0.898330834887376,True,10,33248,39465
20000,0.000846740050804403,0.003968253968253968,0.0004233700254022015,0.00022805017103762827,9.0,9.0,0.0,/opt/shared-2/sourmash-db/entire-2025-07-11.k51.rocksdb,GCA_944380915.1 uncultured Clostridia bacterium,ff37c1b54e0226767bc7bdf7e5591dc5,0.007936507936507936,10000,159,4790000,,SRR11125891_megahit.sig,7b0a912a,23620000,51,DNA,10000,2362,True,0.8704820216684406,0.9095283986940155,0.890005210181228,0.9095283986940155,True,9,33257,39465
10000,0.0004233700254022015,0.0038910505836575876,0.0004233700254022015,0.00017737235525148865,7.0,7.0,0.0,/opt/shared-2/sourmash-db/entire-2025-07-11.k51.rocksdb,GCA_945876075.1 Mobilibacterium timonense,00f7e9e79d3476e741b31608f76c468e,0.0038910505836575876,10000,160,4780000,,SRR11125891_megahit.sig,7b0a912a,23620000,51,DNA,10000,2362,True,0.8587312291251152,0.8969049261729743,0.8778180776490447,0.8969049261729743,True,7,33264,39465
1130000,0.04784081287044877,0.006134969325153374,0.0004233700254022015,0.0005574559736475357,22.0,22.0,0.0,/opt/shared-2/sourmash-db/entire-2025-07-11.k51.rocksdb,GCA_958345775.1 uncultured Eubacteriales bacterium,fb3fa29ef9af90a8c0a6a0eedac2ffc0,0.6932515337423313,10000,161,4770000,,SRR11125891_megahit.sig,7b0a912a,23620000,51,DNA,10000,2362,True,0.942136212826502,0.9928421640909675,0.9674891884587347,0.9928421640909675,False,22,33286,39465
130000,0.00550381033022862,0.005319148936170213,0.0004233700254022015,5.067781578613962e-05,2.0,2.0,0.0,/opt/shared-2/sourmash-db/entire-2025-07-11.k51.rocksdb,GCA_959601645.1 uncultured Oscillospiraceae bacterium,4f10ad5638b87885f9f493fed4115117,0.06914893617021277,10000,162,4760000,,SRR11125891_megahit.sig,7b0a912a,23620000,51,DNA,10000,2362,True,0.9030239805373915,0.9489660951358676,0.9259950378366295,0.9489660951358676,False,2,33288,39465
470000,0.01989839119390347,0.0058823529411764705,0.0004233700254022015,0.0002787279868237679,11.0,11.0,0.0,/opt/shared-2/sourmash-db/entire-2025-07-11.k51.rocksdb,GCA_945828505.1 uncultured Firmicutes bacterium,76607ba9a864e0ad07229f8ee54151ad,0.27647058823529413,10000,163,4750000,,SRR11125891_megahit.sig,7b0a912a,23620000,51,DNA,10000,2362,True,0.9260693049070257,0.9751062496625725,0.950587777284799,0.9751062496625725,False,11,33299,39465
10000,0.0004233700254022015,0.004807692307692308,0.0004233700254022015,0.000658811605219815,26.0,26.0,0.0,/opt/shared-2/sourmash-db/entire-2025-07-11.k51.rocksdb,GCA_900553905.1 uncultured Eubacteriales bacterium,c74815a00896de698e34be85f23ccd76,0.004807692307692308,10000,164,4740000,,SRR11125891_megahit.sig,7b0a912a,23620000,51,DNA,10000,2362,True,0.8587312291251152,0.9006328380135685,0.8796820335693418,0.9006328380135685,True,26,33325,39465
30000,0.0012701100762066045,0.002012072434607646,0.0004233700254022015,0.0015710122893703281,62.0,62.0,0.0,/opt/shared-2/sourmash-db/entire-2025-07-11.k51.rocksdb,GCF_022781285.1 Eisenbergiella massiliensis,39e0ad1ccec58fce958db14b503d2993,0.006036217303822937,10000,165,4730000,,SRR11125891_megahit.sig,7b0a912a,23620000,51,DNA,10000,2362,True,0.8774301950304677,0.9046604112304664,0.891045303130467,0.9046604112304664,True,62,33387,39465
10000,0.0004233700254022015,0.005813953488372093,0.0004233700254022015,0.00010135563157227924,4.0,4.0,0.0,/opt/shared-2/sourmash-db/entire-2025-07-11.k51.rocksdb,GCA_034100725.1 Eubacteriales bacterium,1c20bd4961b53a3cc7de203fdf722bc1,0.005813953488372093,10000,166,4720000,,SRR11125891_megahit.sig,7b0a912a,23620000,51,DNA,10000,2362,True,0.8587312291251152,0.903995167535116,0.8813631983301156,0.903995167535116,True,4,33391,39465
10000,0.0004233700254022015,0.0036231884057971015,0.0004233700254022015,0.00017737235525148865,7.0,7.0,0.0,/opt/shared-2/sourmash-db/entire-2025-07-11.k51.rocksdb,GCA_017437865.1 Eubacterium sp.,ddb586e49d8a4521d7ee11323fd4cbc1,0.0036231884057971015,10000,167,4710000,,SRR11125891_megahit.sig,7b0a912a,23620000,51,DNA,10000,2362,True,0.8587312291251152,0.8956514588158029,0.8771913439704591,0.8956514588158029,True,7,33398,39465
10000,0.0004233700254022015,0.006535947712418301,0.0004233700254022015,0.0003040668947168377,12.0,12.0,0.0,/opt/shared-2/sourmash-db/entire-2025-07-11.k51.rocksdb,GCA_022778235.1 Mycoplasmatota bacterium,204ebf39e7e996e0fead0000c0bf8294,0.006535947712418301,10000,168,4700000,,SRR11125891_megahit.sig,7b0a912a,23620000,51,DNA,10000,2362,True,0.8587312291251152,0.9060724242444924,0.8824018266848038,0.9060724242444924,True,12,33410,39465
50000,0.0021168501270110076,0.0019267822736030828,0.0004233700254022015,0.0013429621183326998,53.0,53.0,0.0,/opt/shared-2/sourmash-db/entire-2025-07-11.k51.rocksdb,GCF_039837315.1 Enterocloster clostridioformis,fd40a84cd2659d4d1369c68201ddddfa,0.009633911368015413,10000,169,4690000,,SRR11125891_megahit.sig,7b0a912a,23620000,51,DNA,10000,2362,True,0.8862628624238331,0.9129914670168088,0.8996271647203209,0.9129914670168088,True,53,33463,39465
1710000,0.07239627434377646,0.0045045045045045045,0.0004233700254022015,0.0009375395920435829,37.0,37.0,0.0,/opt/shared-2/sourmash-db/entire-2025-07-11.k51.rocksdb,GCA_945895655.1 uncultured Anaeromassilibacillus sp.,23f2185a69f7c22ded76b322de567908,0.7702702702702703,10000,170,4680000,,SRR11125891_megahit.sig,7b0a912a,23620000,51,DNA,10000,2362,True,0.9498204031517039,0.9948951560847767,0.9723577796182403,0.9948951560847767,False,37,33500,39465
390000,0.01651143099068586,0.008,0.0004233700254022015,0.00010135563157227924,4.0,4.0,0.0,/opt/shared-2/sourmash-db/entire-2025-07-11.k51.rocksdb,GCA_945870525.1 uncultured Clostridia bacterium,2f2e93286b430ec14248a773ad19fbe1,0.312,10000,171,4670000,,SRR11125891_megahit.sig,7b0a912a,23620000,51,DNA,10000,2362,True,0.9226874259217962,0.9774205430610864,0.9500539844914413,0.9774205430610864,False,4,33504,39465
10000,0.0004233700254022015,0.00423728813559322,0.0004233700254022015,0.00012669453946534905,5.0,5.0,0.0,/opt/shared-2/sourmash-db/entire-2025-07-11.k51.rocksdb,GCF_945871635.1 Acidaminococcus timonensis,1ed7613875173abecfabcd359ef840d4,0.00423728813559322,10000,172,4660000,,SRR11125891_megahit.sig,7b0a912a,23620000,51,DNA,10000,2362,True,0.8587312291251152,0.8984053172829363,0.8785682732040258,0.8984053172829363,True,5,33509,39465
1110000,0.04699407281964437,0.0051813471502590676,0.0004233700254022015,0.0002533890789306981,10.0,10.0,0.0,/opt/shared-2/sourmash-db/entire-2025-07-11.k51.rocksdb,GCA_945829955.1 uncultured Clostridia bacterium,393c3fd600768fd445fb80b718683b83,0.5751295336787565,10000,173,4650000,,SRR11125891_megahit.sig,7b0a912a,23620000,51,DNA,10000,2362,True,0.9418063821821735,0.9892123344793167,0.965509358330745,0.9892123344793167,False,10,33519,39465
40000,0.001693480101608806,0.004347826086956522,0.0004233700254022015,0.00017737235525148865,7.0,7.0,0.0,/opt/shared-2/sourmash-db/entire-2025-07-11.k51.rocksdb,GCA_934572555.1 uncultured Oscillospiraceae bacterium,2d7062fe5a04689ae749a3bbd63e8957,0.017391304347826087,10000,174,4640000,,SRR11125891_megahit.sig,7b0a912a,23620000,51,DNA,10000,2362,True,0.8823936108856413,0.9236271891701714,0.9030104000279063,0.9236271891701714,True,7,33526,39465
10000,0.0004233700254022015,0.003424657534246575,0.0004233700254022015,0.00022805017103762827,9.0,9.0,0.0,/opt/shared-2/sourmash-db/entire-2025-07-11.k51.rocksdb,GCA_958452375.1 uncultured Ruminococcus sp.,991037c970fa325c5823154d79409232,0.003424657534246575,10000,175,4630000,,SRR11125891_megahit.sig,7b0a912a,23620000,51,DNA,10000,2362,True,0.8587312291251152,0.8946623467567137,0.8766967879409144,0.8946623467567137,True,9,33535,39465
1570000,0.06646909398814564,0.004901960784313725,0.0004233700254022015,0.0005574559736475357,22.0,22.0,0.0,/opt/shared-2/sourmash-db/entire-2025-07-11.k51.rocksdb,GCF_002128555.1 Limosilactobacillus reuteri,58361e08971f34c1b56df16110145607,0.7696078431372549,10000,176,4620000,,SRR11125891_megahit.sig,7b0a912a,23620000,51,DNA,10000,2362,True,0.9482309204287966,0.9948783724791532,0.9715546464539749,0.9948783724791532,False,22,33557,39465
10000,0.0004233700254022015,0.0029585798816568047,0.0004233700254022015,7.601672367920942e-05,3.0,3.0,0.0,/opt/shared-2/sourmash-db/entire-2025-07-11.k51.rocksdb,GCA_022773565.1 Lachnospiraceae bacterium,ff89aed6f50a2be2c7bd7dcbaafdc48d,0.0029585798816568047,10000,177,4610000,,SRR11125891_megahit.sig,7b0a912a,23620000,51,DNA,10000,2362,True,0.8587312291251152,0.8920997096774607,0.8754154694012879,0.8920997096774607,True,3,33560,39465
10000,0.0004233700254022015,0.004830917874396135,0.0004233700254022015,0.00017737235525148865,7.0,7.0,0.0,/opt/shared-2/sourmash-db/entire-2025-07-11.k51.rocksdb,GCA_905201425.1 uncultured Clostridia bacterium,ce96c3719301dab999bd7f97a1920a27,0.004830917874396135,10000,178,4600000,,SRR11125891_megahit.sig,7b0a912a,23620000,51,DNA,10000,2362,True,0.8587312291251152,0.9007179480665418,0.8797245885958285,0.9007179480665418,True,7,33567,39465
10000,0.0004233700254022015,0.008620689655172414,0.0004233700254022015,0.00015203344735841885,6.0,6.0,0.0,/opt/shared-2/sourmash-db/entire-2025-07-11.k51.rocksdb,GCA_934168085.1 uncultured Bacilli bacterium,3470aa5b1edd3afb1167452a586bb3dc,0.008620689655172414,10000,179,4590000,,SRR11125891_megahit.sig,7b0a912a,23620000,51,DNA,10000,2362,True,0.8587312291251152,0.9110043098748272,0.8848677694999711,0.9110043098748272,True,6,33573,39465
10000,0.0004233700254022015,0.002680965147453083,0.0004233700254022015,0.00022805017103762827,9.0,9.0,0.0,/opt/shared-2/sourmash-db/entire-2025-07-11.k51.rocksdb,GCA_958451195.1 uncultured Alistipes sp.,e7e552d9d40fc4700f3ebf338c305efc,0.002680965147453083,10000,180,4580000,,SRR11125891_megahit.sig,7b0a912a,23620000,51,DNA,10000,2362,True,0.8587312291251152,0.8903778277520528,0.8745545284385841,0.8903778277520528,True,9,33582,39465
1310000,0.0554614733276884,0.0053475935828877,0.0004233700254022015,0.00020271126314455848,8.0,8.0,0.0,/opt/shared-2/sourmash-db/entire-2025-07-11.k51.rocksdb,GCA_034102365.1 Eubacteriales bacterium,5957679f5c3dc8a84381e83976dbdef4,0.7005347593582888,10000,181,4570000,,SRR11125891_megahit.sig,7b0a912a,23620000,51,DNA,10000,2362,True,0.9448706967582399,0.9930456414342693,0.9689581690962545,0.9930456414342693,False,8,33590,39465
10000,0.0004233700254022015,0.00558659217877095,0.0004233700254022015,0.00015203344735841885,6.0,6.0,0.0,/opt/shared-2/sourmash-db/entire-2025-07-11.k51.rocksdb,GCA_945949015.1 uncultured Clostridia bacterium,2c8d1548d7e237f006dac81f9d55aa50,0.00558659217877095,10000,182,4560000,,SRR11125891_megahit.sig,7b0a912a,23620000,51,DNA,10000,2362,True,0.8587312291251152,0.9032883544180165,0.8810097917715658,0.9032883544180165,True,6,33596,39465
10000,0.0004233700254022015,0.004273504273504274,0.0004233700254022015,0.0003294058026099075,13.0,13.0,0.0,/opt/shared-2/sourmash-db/entire-2025-07-11.k51.rocksdb,GCA_937949755.1 uncultured Clostridia bacterium,696e98961e22f548f9756007b77b5917,0.004273504273504274,10000,183,4550000,,SRR11125891_megahit.sig,7b0a912a,23620000,51,DNA,10000,2362,True,0.8587312291251152,0.8985552523193859,0.8786432407222506,0.8985552523193859,True,13,33609,39465
640000,0.027095681625740897,0.004464285714285714,0.0004233700254022015,0.0002787279868237679,11.0,11.0,0.0,/opt/shared-2/sourmash-db/entire-2025-07-11.k51.rocksdb,GCF_034745095.1 Limosilactobacillus reuteri,a6b0a730aee8b9c010fa7dac73c68d5c,0.2857142857142857,10000,184,4540000,,SRR11125891_megahit.sig,7b0a912a,23620000,51,DNA,10000,2362,True,0.9316923951195959,0.9757352595995199,0.9537138273595579,0.9757352595995199,False,11,33620,39465
1130000,0.04784081287044877,0.005747126436781609,0.0004233700254022015,0.0008868617762574433,35.0,35.0,0.0,/opt/shared-2/sourmash-db/entire-2025-07-11.k51.rocksdb,GCF_022774615.1 Mogibacterium sp.,4bc7cc01c50a0c19eaec223ec90b745f,0.6494252873563219,10000,185,4530000,,SRR11125891_megahit.sig,7b0a912a,23620000,51,DNA,10000,2362,True,0.942136212826502,0.9915716511323635,0.9668539319794327,0.9915716511323635,False,35,33655,39465
10000,0.0004233700254022015,0.0038022813688212928,0.0004233700254022015,0.00020271126314455848,8.0,8.0,0.0,/opt/shared-2/sourmash-db/entire-2025-07-11.k51.rocksdb,GCF_028322995.1 Intestinimonas butyriciproducens,7ce8ffd378d1f131c962eb4acf110cba,0.0038022813688212928,10000,186,4520000,,SRR11125891_megahit.sig,7b0a912a,23620000,51,DNA,10000,2362,True,0.8587312291251152,0.896499160640959,0.8776151948830371,0.896499160640959,True,8,33663,39465
1040000,0.04403048264182896,0.00546448087431694,0.0004233700254022015,0.0003800836183960471,15.0,15.0,0.0,/opt/shared-2/sourmash-db/entire-2025-07-11.k51.rocksdb,GCF_934834405.1 Methanobrevibacter smithii,fe189024bd865978832aee40bc849bb7,0.5683060109289617,10000,187,4510000,,SRR11125891_megahit.sig,7b0a912a,23620000,51,DNA,10000,2362,True,0.9406042361291682,0.9889808613215111,0.9647925487253397,0.9889808613215111,False,15,33678,39465
1010000,0.04276037256562235,0.005847953216374269,0.0004233700254022015,0.00010135563157227924,4.0,4.0,0.0,/opt/shared-2/sourmash-db/entire-2025-07-11.k51.rocksdb,GCF_030539805.1 Methanobrevibacter smithii,38d4378a8c5988f2a2457c8d8cfce4c8,0.5906432748538012,10000,188,4500000,,SRR11125891_megahit.sig,7b0a912a,23620000,51,DNA,10000,2362,True,0.9400645509049982,0.9897287400709296,0.9648966454879639,0.9897287400709296,False,4,33682,39465
20000,0.000846740050804403,0.006172839506172839,0.0004233700254022015,0.001190928670974281,47.0,47.0,0.0,/opt/shared-2/sourmash-db/entire-2025-07-11.k51.rocksdb,GCA_015655695.1 Eubacterium sp.,9dc3fb1ebf1fba67e5ceb3c4f304fed9,0.012345679012345678,10000,189,4490000,,SRR11125891_megahit.sig,7b0a912a,23620000,51,DNA,10000,2362,True,0.8704820216684406,0.9174422262512953,0.893962123959868,0.9174422262512953,True,47,33729,39465
10000,0.0004233700254022015,0.005714285714285714,0.0004233700254022015,0.0003547447105029773,14.0,14.0,0.0,/opt/shared-2/sourmash-db/entire-2025-07-11.k51.rocksdb,GCA_946401905.1 uncultured Clostridia bacterium,ffe470f79342498defc09863cb344b8d,0.005714285714285714,10000,190,4480000,,SRR11125891_megahit.sig,7b0a912a,23620000,51,DNA,10000,2362,True,0.8587312291251152,0.9036887208642069,0.8812099749946611,0.9036887208642069,True,14,33743,39465
1080000,0.04572396274343776,0.0070921985815602835,0.0004233700254022015,5.067781578613962e-05,2.0,2.0,0.0,/opt/shared-2/sourmash-db/entire-2025-07-11.k51.rocksdb,GCA_946406485.1 uncultured Firmicutes bacterium,a71cd4e018bf9a003695ad3fbbea939d,0.7659574468085106,10000,191,4470000,,SRR11125891_megahit.sig,7b0a912a,23620000,51,DNA,10000,2362,True,0.9413005469184192,0.9947856292706586,0.968043088094539,0.9947856292706586,False,2,33745,39465
20000,0.000846740050804403,0.004424778761061947,0.0004233700254022015,0.0004307614341821867,17.0,17.0,0.0,/opt/shared-2/sourmash-db/entire-2025-07-11.k51.rocksdb,GCA_037231525.1 bacterium,305fe9610155ccb29d8eaff3d0aafd82,0.008849557522123894,10000,192,4460000,,SRR11125891_megahit.sig,7b0a912a,23620000,51,DNA,10000,2362,True,0.8704820216684406,0.9114724786438645,0.8909772501561526,0.9114724786438645,True,17,33762,39465
960000,0.04064352243861134,0.0041841004184100415,0.0004233700254022015,0.0002787279868237679,11.0,11.0,0.0,/opt/shared-2/sourmash-db/entire-2025-07-11.k51.rocksdb,GCA_021625975.1 Christensenellaceae bacterium,d43675c3943f8d89a5cce474ddc9f6e1,0.401673640167364,10000,193,4450000,,SRR11125891_megahit.sig,7b0a912a,23620000,51,DNA,10000,2362,True,0.9391291486885731,0.9822743656347396,0.9607017571616563,0.9822743656347396,False,11,33773,39465
30000,0.0012701100762066045,0.004219409282700422,0.0004233700254022015,0.0013936399341188395,55.0,55.0,0.0,/opt/shared-2/sourmash-db/entire-2025-07-11.k51.rocksdb,GCA_934454555.1 uncultured Eubacteriales bacterium,547f30cfa3ec10d451fbd745a7b8883e,0.012658227848101266,10000,194,4440000,,SRR11125891_megahit.sig,7b0a912a,23620000,51,DNA,10000,2362,True,0.8774301950304677,0.9178920865148493,0.8976611407726585,0.9178920865148493,True,55,33828,39465
10000,0.0004233700254022015,0.0056179775280898875,0.0004233700254022015,0.00015203344735841885,6.0,6.0,0.0,/opt/shared-2/sourmash-db/entire-2025-07-11.k51.rocksdb,GCA_900762925.1 uncultured Oscillospiraceae bacterium,745bbd5ebac06989bcbb1a11864a6dc8,0.0056179775280898875,10000,195,4430000,,SRR11125891_megahit.sig,7b0a912a,23620000,51,DNA,10000,2362,True,0.8587312291251152,0.9033875844208873,0.8810594067730013,0.9033875844208873,True,6,33834,39465
940000,0.03979678238780694,0.0070921985815602835,0.0004233700254022015,0.0002787279868237679,11.0,11.0,0.0,/opt/shared-2/sourmash-db/entire-2025-07-11.k51.rocksdb,GCA_945938065.1 uncultured Firmicutes bacterium,a0946f95a4bcfa8657a6581953adb7e7,0.6666666666666666,10000,196,4420000,,SRR11125891_megahit.sig,7b0a912a,23620000,51,DNA,10000,2362,True,0.9387415449672721,0.9920812237812423,0.9654113843742572,0.9920812237812423,False,11,33845,39465
10000,0.0004233700254022015,0.002770083102493075,0.0004233700254022015,5.067781578613962e-05,2.0,2.0,0.0,/opt/shared-2/sourmash-db/entire-2025-07-11.k51.rocksdb,GCA_900550845.1 uncultured Lachnobacterium sp.,7eb9e387ed4ce289efff4789a62fcb7d,0.002770083102493075,10000,197,4410000,,SRR11125891_megahit.sig,7b0a912a,23620000,51,DNA,10000,2362,True,0.8587312291251152,0.890948908183572,0.8748400686543436,0.890948908183572,True,2,33847,39465
10000,0.0004233700254022015,0.005154639175257732,0.0004233700254022015,0.0006841505131128849,27.0,27.0,0.0,/opt/shared-2/sourmash-db/entire-2025-07-11.k51.rocksdb,GCA_900314475.1 uncultured Prevotellaceae bacterium,a4cb3268adc6aa51d4e125f19ed03798,0.005154639175257732,10000,198,4400000,,SRR11125891_megahit.sig,7b0a912a,23620000,51,DNA,10000,2362,True,0.8587312291251152,0.901864189290774,0.8802977092079447,0.901864189290774,True,27,33874,39465
20000,0.000846740050804403,0.0034129692832764505,0.0004233700254022015,0.00015203344735841885,6.0,6.0,0.0,/opt/shared-2/sourmash-db/entire-2025-07-11.k51.rocksdb,GCA_946622125.1 Dorea longicatena,cf42e3d18e83552dd12552b352116ea9,0.006825938566552901,10000,199,4390000,,SRR11125891_megahit.sig,7b0a912a,23620000,51,DNA,10000,2362,True,0.8704820216684406,0.906844024418685,0.8886630230435628,0.906844024418685,True,6,33880,39465
30000,0.0012701100762066045,0.001524390243902439,0.0004233700254022015,0.0004814392499683264,19.0,19.0,0.0,/opt/shared-2/sourmash-db/entire-2025-07-11.k51.rocksdb,GCA_003433925.1 Hungatella hathewayi,a7f949b3b01a0805ad3fae6d6daebdab,0.004573170731707317,10000,200,4380000,,SRR11125891_megahit.sig,7b0a912a,23620000,51,DNA,10000,2362,True,0.8774301950304677,0.8997501134901827,0.8885901542603252,0.8997501134901827,True,19,33899,39465
1290000,0.054614733276883994,0.006289308176100629,0.0004233700254022015,0.000532117065754466,21.0,21.0,0.0,/opt/shared-2/sourmash-db/entire-2025-07-11.k51.rocksdb,GCF_946409345.1 uncultured Mogibacterium sp.,7d7d68e61fac03ca67fa33d3102ecf82,0.8113207547169812,10000,201,4370000,,SRR11125891_megahit.sig,7b0a912a,23620000,51,DNA,10000,2362,True,0.9445857052565214,0.9959085536932087,0.9702471294748651,0.9959085536932087,False,21,33920,39465
1610000,0.06816257408975444,0.0053475935828877,0.0004233700254022015,0.0003547447105029773,14.0,14.0,0.0,/opt/shared-2/sourmash-db/entire-2025-07-11.k51.rocksdb,GCF_925283095.1 Limosilactobacillus reuteri,a01f266e34a8e86055f7a5ab497c5d57,0.8609625668449198,10000,202,4360000,,SRR11125891_megahit.sig,7b0a912a,23620000,51,DNA,10000,2362,True,0.9486988029641278,0.9970689265205218,0.9728838647423248,0.9970689265205218,False,14,33934,39465
1580000,0.06689246401354784,0.005128205128205128,0.0004233700254022015,0.0006841505131128849,27.0,27.0,0.0,/opt/shared-2/sourmash-db/entire-2025-07-11.k51.rocksdb,GCF_002128495.1 Limosilactobacillus reuteri,0f8ac286743dd778443194d958fbe422,0.8102564102564103,10000,203,4350000,,SRR11125891_megahit.sig,7b0a912a,23620000,51,DNA,10000,2362,True,0.9483489774637666,0.995882919577561,0.9721159485206639,0.995882919577561,False,27,33961,39465
240000,0.010160880609652836,0.006535947712418301,0.0004233700254022015,0.00022805017103762827,9.0,9.0,0.0,/opt/shared-2/sourmash-db/entire-2025-07-11.k51.rocksdb,GCA_945932795.1 uncultured Clostridia bacterium,8a49421deb2f44b30c0ead3e8df7c4eb,0.1568627450980392,10000,204,4340000,,SRR11125891_megahit.sig,7b0a912a,23620000,51,DNA,10000,2362,True,0.9139453393719995,0.9643304461110852,0.9391378927415424,0.9643304461110852,False,9,33970,39465
20000,0.000846740050804403,0.005434782608695652,0.0004233700254022015,0.00020271126314455848,8.0,8.0,0.0,/opt/shared-2/sourmash-db/entire-2025-07-11.k51.rocksdb,GCA_934590455.1 uncultured Oscillospiraceae bacterium,1e3ce331cb76a3eb63d9674b1c76f2b7,0.010869565217391304,10000,205,4330000,,SRR11125891_megahit.sig,7b0a912a,23620000,51,DNA,10000,2362,True,0.8704820216684406,0.9151543667379227,0.8928181942031816,0.9151543667379227,True,8,33978,39465
1200000,0.05080440304826418,0.00625,0.0004233700254022015,0.00045610034207525655,18.0,18.0,0.0,/opt/shared-2/sourmash-db/entire-2025-07-11.k51.rocksdb,GCA_034171835.1 Clostridia bacterium,c083a133d7eb9d12c72d691da54fb2a8,0.75,10000,206,4320000,,SRR11125891_megahit.sig,7b0a912a,23620000,51,DNA,10000,2362,True,0.9432471827023019,0.9943750546310145,0.9688111186666581,0.9943750546310145,False,18,33996,39465
90000,0.003810330228619814,0.0045662100456621,0.0004233700254022015,0.00020271126314455848,8.0,8.0,0.0,/opt/shared-2/sourmash-db/entire-2025-07-11.k51.rocksdb,GCA_945929935.1 uncultured Clostridia bacterium,62b952944118ac1d82292693bfdc28d6,0.0410958904109589,10000,207,4310000,,SRR11125891_megahit.sig,7b0a912a,23620000,51,DNA,10000,2362,True,0.8965363329520117,0.9393329922686893,0.9179346626103505,0.9393329922686893,False,8,34004,39465
490000,0.020745131244707875,0.005076142131979695,0.0004233700254022015,0.0004307614341821867,17.0,17.0,0.0,/opt/shared-2/sourmash-db/entire-2025-07-11.k51.rocksdb,GCF_016939055.1 Mogibacterium sp.,7918e0a2c2bcc632897847ea79686b3a,0.24873096446700507,10000,208,4300000,,SRR11125891_megahit.sig,7b0a912a,23620000,51,DNA,10000,2362,True,0.9268263162049114,0.9730867650568186,0.949956540630865,0.9730867650568186,False,17,34021,39465
20000,0.000846740050804403,0.004098360655737705,0.0004233700254022015,0.00022805017103762827,9.0,9.0,0.0,/opt/shared-2/sourmash-db/entire-2025-07-11.k51.rocksdb,GCA_945867295.1 uncultured Clostridia bacterium,3eca14e5db86da13972c507c41f483be,0.00819672131147541,10000,209,4290000,,SRR11125891_megahit.sig,7b0a912a,23620000,51,DNA,10000,2362,True,0.8704820216684406,0.910103917375183,0.8902929695218118,0.910103917375183,True,9,34030,39465
